0,1,2,3,4,5,6,7,8,9,10,11,12,13,14,15,0,1,2,3,4,5,6,7,8,9,10,11,12,13,14,15,0,1,2,3,4,5,6,7,8,9,10,11,12,13,14,15,0,1,2,3,4,5,6,7,8,9,10,11,12,13,14,15,num
0.5674972,0.54241043,0.53508145,0.46997398,0.521491,0.48095068,0.4887015,0.44186398,0.4611102,0.5636133,0.5024306,0.53544015,0.48307002,0.4924137,0.46521902,0.53978825,0.5125915,0.50069356,0.50975734,0.49863908,0.5123607,0.49370053,0.5114898,0.50490546,0.496008,0.47412145,0.5074534,0.48133647,0.49354813,0.48063016,0.45629442,0.5107259,0.48154548,0.5376522,0.48642552,0.519575,0.4991145,0.46919417,0.5161228,0.48480117,0.45815307,0.513937,0.4931425,0.524941,0.46825045,0.5043521,0.44759685,0.46645483,0.5621108,0.56095654,0.5155919,0.5507185,0.51261437,0.50532365,0.51358145,0.39666116,0.4860254,0.44970754,0.42065626,0.4807309,0.4895486,0.4078165,0.4377382,0.4836582,0.0
0.5512822,0.5199734,0.5361483,0.47745165,0.537021,0.4394903,0.5021235,0.46846393,0.46009377,0.56029207,0.50435185,0.5389387,0.46385607,0.50671154,0.46054623,0.53157556,0.48774838,0.5147283,0.49493602,0.5333369,0.53003263,0.51052696,0.50522023,0.5355274,0.53818065,0.4468707,0.5330809,0.4656842,0.50542533,0.45267698,0.4583188,0.4678651,0.4563424,0.558679,0.49660444,0.5459373,0.48839855,0.45450184,0.5184661,0.45960653,0.45625803,0.5126548,0.484901,0.50761425,0.47572273,0.49675107,0.46170872,0.53829944,0.5702259,0.5642027,0.5343877,0.53416836,0.5010569,0.512425,0.50872016,0.4379118,0.4887751,0.45853263,0.43076774,0.519632,0.5054934,0.43019107,0.44941413,0.5249198,0.75
0.56233484,0.52831095,0.5328547,0.48023322,0.5273492,0.468531,0.48321167,0.42823473,0.44981053,0.5648952,0.46563348,0.53171134,0.46677992,0.47888088,0.47369108,0.5252082,0.51685756,0.51614684,0.51011896,0.4878757,0.5222104,0.518991,0.51016784,0.503896,0.51212317,0.46897823,0.5149442,0.45266858,0.50567555,0.47753817,0.465403,0.5135267,0.4849628,0.53840464,0.49261028,0.5202334,0.48584312,0.46167967,0.5189818,0.4739402,0.46713024,0.5125294,0.4833041,0.5217235,0.46210855,0.50898474,0.46724516,0.48748678,0.54436994,0.50397414,0.49001068,0.55430543,0.5017981,0.48142037,0.5057168,0.422119,0.4798406,0.4745173,0.47004348,0.47519585,0.47326648,0.4160728,0.4614116,0.48989302,0.5
0.5554356,0.5177897,0.51860857,0.46726945,0.5363126,0.4514874,0.4850708,0.4496008,0.4176782,0.53801936,0.48188692,0.52193695,0.49725184,0.5125256,0.4550152,0.5476546,0.49639943,0.519258,0.50935155,0.50700104,0.5264544,0.509134,0.5139182,0.49936098,0.52707565,0.46363765,0.5318628,0.4755067,0.5069021,0.448927,0.44922525,0.52869046,0.47440094,0.5791636,0.51038635,0.53302306,0.51228124,0.45144966,0.4817586,0.48141584,0.42918667,0.5136261,0.4862671,0.5146747,0.45480716,0.518579,0.44854185,0.52027094,0.55368775,0.5190224,0.52185625,0.5710163,0.5312878,0.50885224,0.51885563,0.42974302,0.50381213,0.46050468,0.4276008,0.49912134,0.50422966,0.4462443,0.45933697,0.50380796,0.5
0.5660547,0.53205264,0.5338769,0.47219363,0.5216924,0.46999407,0.48095015,0.43135136,0.4435438,0.5691067,0.47204491,0.5304074,0.472517,0.48176706,0.47220603,0.53916603,0.5051469,0.5141345,0.49894607,0.501433,0.5220522,0.51303947,0.5077508,0.5055245,0.5200233,0.46344003,0.51387686,0.46189377,0.50514656,0.48082605,0.47336414,0.5139796,0.4827943,0.5331833,0.4926933,0.5053429,0.47928783,0.46159425,0.52144146,0.4867258,0.47556475,0.5054531,0.48785803,0.5200225,0.4693229,0.5116027,0.47128624,0.4889567,0.54574513,0.5065833,0.4919374,0.5502053,0.49595624,0.47331053,0.50601923,0.4257727,0.48581216,0.47381917,0.47241488,0.47168362,0.47961304,0.42092228,0.46919954,0.48643,0.5
0.5566185,0.53646535,0.49641642,0.4882675,0.48660833,0.45992067,0.4904217,0.41355076,0.4368486,0.5584182,0.47719675,0.52874386,0.480015,0.516901,0.4660012,0.53281635,0.48329842,0.5034796,0.51863945,0.51983047,0.52239734,0.48774078,0.4963203,0.5095955,0.5392749,0.47185633,0.49406824,0.47424668,0.489876,0.39826274,0.45442975,0.4799361,0.45987418,0.5417016,0.53689677,0.49154076,0.466526,0.46157882,0.4614012,0.47735146,0.4713786,0.4673526,0.46653277,0.53856444,0.4451068,0.561779,0.49769711,0.4620558,0.548656,0.50152284,0.5104377,0.5581198,0.5284265,0.46167806,0.5274942,0.4175014,0.4814039,0.47414678,0.44568032,0.48766512,0.48091945,0.42015064,0.44310632,0.47679803,0.25
0.56386876,0.5429818,0.53847694,0.47453177,0.49304435,0.4753613,0.49986276,0.44230217,0.4479942,0.5534346,0.46587318,0.5212577,0.47371128,0.48327094,0.47262096,0.5210291,0.51881444,0.5042404,0.49715889,0.5061933,0.52294284,0.53466713,0.5121252,0.4925752,0.5143807,0.48026133,0.5187169,0.45814243,0.5312164,0.50476855,0.48361525,0.5219547,0.47306204,0.5232313,0.50602657,0.49480456,0.47422007,0.4660664,0.5287418,0.47859034,0.4790673,0.49165568,0.48828098,0.5256978,0.4675145,0.5275402,0.4865882,0.50074726,0.5297317,0.49360994,0.5177392,0.55667627,0.4883382,0.46121535,0.4971996,0.43467197,0.47904074,0.4805512,0.46698594,0.46261302,0.48977262,0.43383783,0.48647043,0.49283317,0.5
0.5649641,0.5424316,0.52597994,0.48313186,0.51679987,0.4477288,0.4931219,0.41600898,0.46904647,0.5605723,0.50603527,0.5450081,0.4984307,0.51734537,0.46797043,0.53856885,0.48629895,0.47846988,0.52460146,0.5250599,0.49853513,0.49341407,0.49368167,0.48831517,0.547969,0.4847025,0.50103885,0.47134277,0.4812648,0.43611142,0.46104252,0.48995635,0.4757429,0.545219,0.5124788,0.49028254,0.49007484,0.45286784,0.5083735,0.47300678,0.45834684,0.49046156,0.47111106,0.5408647,0.46425906,0.5448499,0.46711364,0.4957172,0.5768228,0.5218318,0.51134574,0.5498097,0.51238877,0.4858301,0.5264072,0.42367887,0.48174068,0.46781394,0.4568293,0.50659233,0.49101412,0.42538396,0.4137447,0.48201218,0.75
0.5248764,0.53497297,0.5038198,0.48494446,0.51939577,0.46627796,0.49439642,0.4584374,0.45745507,0.5600181,0.48459706,0.53101456,0.47886968,0.5000538,0.47095045,0.53172356,0.49309066,0.5518222,0.5045932,0.52698284,0.54376394,0.4825562,0.5178896,0.52814287,0.54313874,0.44618863,0.5458307,0.4580716,0.50562286,0.44093147,0.44115138,0.4910422,0.44318134,0.5669323,0.5231452,0.5552981,0.4652369,0.45838585,0.50967616,0.43964598,0.4611336,0.5068833,0.49261788,0.4968591,0.43811235,0.51489675,0.48652354,0.51734567,0.55954707,0.54332983,0.5220842,0.55725914,0.52884173,0.47381878,0.51637536,0.43192983,0.47379038,0.4504044,0.44523522,0.4958956,0.48872414,0.42200997,0.45973593,0.49600938,0.75
0.55336654,0.5401972,0.5006065,0.46577355,0.51715934,0.45911142,0.49633506,0.4508351,0.44282803,0.55277365,0.4653015,0.5198832,0.46915323,0.5052121,0.47950485,0.5448036,0.46667087,0.5417917,0.47887084,0.50690866,0.5449856,0.52290875,0.5037857,0.53816956,0.5364102,0.44203657,0.52205855,0.4779177,0.52134866,0.40878677,0.45009163,0.47380546,0.4437127,0.5695854,0.52476996,0.5179578,0.41884017,0.48166168,0.4573723,0.4838644,0.48366043,0.4782319,0.45899925,0.52012575,0.43222648,0.5388032,0.4959516,0.48870462,0.5439112,0.48621017,0.52481514,0.5557245,0.51945,0.457562,0.5067628,0.45001623,0.48034096,0.46781623,0.44917762,0.51104206,0.49681473,0.44912305,0.4495478,0.48677176,0.75
0.56775093,0.5267183,0.5150738,0.48289466,0.5171956,0.46437943,0.4851618,0.42441875,0.44259804,0.5486922,0.48505607,0.52219975,0.5045726,0.50646234,0.45897397,0.53413385,0.4975407,0.51837677,0.5183416,0.48975685,0.5212154,0.5043835,0.50431085,0.49955204,0.5089576,0.49081063,0.50263137,0.48196727,0.5066068,0.4328281,0.46681002,0.49613482,0.47958794,0.5488931,0.502472,0.50050974,0.48181918,0.47457165,0.4821833,0.5070894,0.47565305,0.5024393,0.48169273,0.52172947,0.4689074,0.51634574,0.47669587,0.47109556,0.52986234,0.51863587,0.5259319,0.5709072,0.5237601,0.4839159,0.5092398,0.39877966,0.47675607,0.45106474,0.42458025,0.46522883,0.47717008,0.41499788,0.4476053,0.4724594,0.0
0.5437067,0.5353542,0.5219584,0.46528256,0.51202726,0.4696711,0.50073177,0.45269084,0.45149928,0.54990786,0.50771546,0.5225196,0.4889931,0.5087659,0.48139048,0.5484984,0.4843904,0.5305705,0.5218553,0.53489393,0.52420455,0.5062081,0.50275356,0.49083105,0.51297563,0.45767903,0.5369549,0.4981315,0.50758326,0.44939312,0.4729662,0.5031779,0.480638,0.5249354,0.4915012,0.5478364,0.50805324,0.48715946,0.49996385,0.456173,0.4561838,0.5019566,0.47444063,0.49975765,0.4502039,0.4990107,0.44813076,0.4864515,0.5624929,0.5263968,0.50920755,0.51770663,0.5009556,0.44852182,0.517416,0.4499493,0.48975846,0.4533285,0.4193474,0.52306473,0.5066362,0.41399175,0.43633768,0.5184211,0.0
0.5403239,0.51763624,0.492042,0.48581856,0.5039543,0.46275848,0.49175608,0.42548192,0.4577997,0.5504282,0.48887515,0.5268993,0.47105107,0.502043,0.47271758,0.5161329,0.5029014,0.50035775,0.5337103,0.53133845,0.5084923,0.4957046,0.5150075,0.5052601,0.5189399,0.4877775,0.4989945,0.47190645,0.48663962,0.43584493,0.4572943,0.47917458,0.47474322,0.53214496,0.49711,0.5012699,0.48598424,0.46124554,0.50846434,0.48672292,0.48322994,0.49535048,0.49857968,0.5176775,0.4753569,0.52736044,0.50604504,0.49797076,0.55564475,0.5414924,0.49338633,0.5466338,0.5070068,0.48854068,0.51187915,0.43541992,0.48404783,0.45889258,0.4578027,0.48636973,0.47924232,0.4177592,0.4135478,0.50118655,0.5
0.5632894,0.5444772,0.5022481,0.48361143,0.49067354,0.4595768,0.48360312,0.40960017,0.43017334,0.5652822,0.4778823,0.5259852,0.47769645,0.51739544,0.47129443,0.53979874,0.48305887,0.5075413,0.52350813,0.5292711,0.5234519,0.49413523,0.49230692,0.51081395,0.5400699,0.47054675,0.49558875,0.4721198,0.4933757,0.39182317,0.45412135,0.48146275,0.45293057,0.55021954,0.5322153,0.4934253,0.4577875,0.46187744,0.47031012,0.4717747,0.4733367,0.46783337,0.468564,0.5384454,0.4351528,0.56153345,0.4949218,0.458903,0.5534185,0.5058253,0.5143541,0.56050414,0.52172333,0.45336333,0.52375615,0.41292775,0.4882301,0.47753,0.45204633,0.48379326,0.4809256,0.4123555,0.45117676,0.47259527,0.5
0.5521133,0.53849804,0.5127028,0.47837603,0.5251156,0.46617743,0.49596208,0.44563496,0.45833424,0.58313406,0.4825567,0.52401656,0.47670773,0.48563987,0.4635507,0.52548003,0.4839112,0.54062444,0.49482012,0.51815724,0.5266132,0.5039607,0.51100856,0.52704525,0.51914054,0.46473733,0.52420795,0.4802202,0.512965,0.45415908,0.453212,0.48504785,0.45808384,0.5769238,0.49963528,0.5527577,0.45814604,0.46920332,0.4911036,0.47071773,0.46856084,0.48844847,0.47052756,0.5136286,0.4334931,0.51273865,0.47638565,0.5119173,0.53441966,0.49580932,0.49454665,0.5477621,0.52824354,0.4461481,0.5114444,0.43951377,0.49080628,0.4717898,0.4684264,0.50922954,0.49477276,0.44565275,0.46923432,0.4920497,0.25
0.5507814,0.5261653,0.49742395,0.48549855,0.4967328,0.47842476,0.47940198,0.424772,0.44065666,0.5584817,0.4871949,0.53204197,0.482007,0.5006233,0.4535577,0.528831,0.49558473,0.52937263,0.51327944,0.5238627,0.5336308,0.49677533,0.53407264,0.5192094,0.5323871,0.4485329,0.5390603,0.46325552,0.49862412,0.4185514,0.45722827,0.49079424,0.4602435,0.53528726,0.51705647,0.50379103,0.46794212,0.46954635,0.4886394,0.47946048,0.48454267,0.5006156,0.49918792,0.5226079,0.44232693,0.5430297,0.48825827,0.48004615,0.5652528,0.5289391,0.5036028,0.5599227,0.5277786,0.46907756,0.5129094,0.4100044,0.48658684,0.4598237,0.4601758,0.473341,0.4799482,0.41490853,0.44325268,0.48835137,0.75
0.56272954,0.52621967,0.5243036,0.47548208,0.5194354,0.47345936,0.48555467,0.43379202,0.44525757,0.57060677,0.4706827,0.5271594,0.47253242,0.4784894,0.47646078,0.5313234,0.5096243,0.51690614,0.50450927,0.49511904,0.5185274,0.51046336,0.5093312,0.5086309,0.51481706,0.46123627,0.5177594,0.46164486,0.4989292,0.46795058,0.4682558,0.50946206,0.4829444,0.53124624,0.4916163,0.5165921,0.4863151,0.46031356,0.5122382,0.4755989,0.47291738,0.5120027,0.4832519,0.5215135,0.4629365,0.5100556,0.4705176,0.49466282,0.54323274,0.50669575,0.4913687,0.5483726,0.5037506,0.48590568,0.5071454,0.42759526,0.48159876,0.46969342,0.48040566,0.4825656,0.4724336,0.42379403,0.4562573,0.49356148,0.25
0.5616477,0.54452616,0.5031194,0.48340055,0.492522,0.46428683,0.4850867,0.4146191,0.43271956,0.5638473,0.48724478,0.5271485,0.47772416,0.51561576,0.4680412,0.53392524,0.48220205,0.50952077,0.520596,0.5234628,0.52273846,0.49152318,0.4901218,0.5053066,0.5380306,0.47768736,0.49088165,0.47211537,0.49247244,0.39876983,0.45971397,0.4833057,0.45483926,0.5503444,0.5331506,0.48902902,0.45838645,0.46140444,0.46596983,0.47332123,0.46999323,0.46395707,0.4676293,0.5454798,0.43809187,0.56212777,0.49326366,0.45875573,0.5543032,0.5080573,0.511566,0.5583746,0.5199007,0.45181423,0.5158905,0.41315356,0.48702642,0.47840557,0.45092186,0.47731283,0.479309,0.40887165,0.45585108,0.47450128,0.5
0.5222778,0.5197507,0.51271534,0.46039376,0.52990127,0.4773358,0.47864214,0.44622466,0.45425108,0.5454413,0.48171115,0.5248083,0.50468004,0.49120867,0.48189944,0.51255304,0.5335201,0.50431114,0.50252134,0.49303785,0.51039875,0.50865656,0.4998378,0.5164618,0.5476019,0.5098513,0.51878965,0.4862564,0.52131844,0.46440858,0.45978653,0.5021949,0.4600726,0.4979972,0.52934486,0.4977114,0.4801355,0.48217776,0.48832995,0.45675433,0.47185567,0.49087083,0.45409468,0.49892917,0.44762698,0.5384709,0.48693797,0.47404006,0.5445695,0.5112002,0.50837123,0.5477249,0.5221805,0.4813822,0.4803866,0.41736683,0.47185886,0.43572822,0.460594,0.46752077,0.48922852,0.44037965,0.46817496,0.46578783,0.5
0.5655353,0.5440747,0.5061351,0.47549173,0.5065901,0.46627435,0.48232087,0.42548716,0.4415785,0.5469764,0.48340148,0.52769387,0.47338057,0.50838125,0.46760586,0.5460201,0.4984831,0.5031826,0.5126242,0.5139644,0.51171935,0.50092566,0.49304217,0.4840927,0.5268064,0.4887197,0.49814987,0.47382107,0.49242294,0.45319566,0.4721567,0.4977476,0.4860548,0.5322392,0.510478,0.48348302,0.4734419,0.46390754,0.4775581,0.5032826,0.48572797,0.49970362,0.4663557,0.541985,0.4592674,0.5364028,0.4717961,0.47100264,0.5415307,0.50077313,0.50732225,0.5340463,0.4961547,0.46874106,0.51386267,0.4351596,0.47810024,0.4765096,0.46479177,0.4864457,0.48537418,0.43498257,0.43366396,0.49512455,0.5
0.56549054,0.5435687,0.50248367,0.48231307,0.49073866,0.46213073,0.4826093,0.40874976,0.43111536,0.5649759,0.482127,0.53136784,0.47679287,0.5171105,0.4690944,0.5409603,0.48121136,0.5064637,0.5211801,0.52425116,0.52482814,0.4964039,0.49026436,0.5142042,0.54379267,0.4685333,0.49817264,0.47432333,0.49903783,0.39102083,0.4559007,0.47801113,0.45277017,0.55385846,0.5336898,0.49428847,0.4539973,0.4636306,0.46758437,0.47337425,0.4739291,0.46712917,0.46948016,0.53709763,0.43498558,0.5655068,0.49569124,0.4551443,0.55518454,0.51027846,0.51471674,0.5592966,0.5210742,0.45350194,0.51864,0.41603935,0.4896764,0.4813479,0.4543549,0.48187986,0.48019272,0.41450515,0.45050552,0.47568005,0.5
0.5429539,0.5318388,0.540499,0.47546917,0.5236951,0.46524423,0.49473047,0.46095884,0.44729427,0.5838065,0.49348134,0.52358186,0.47912818,0.49302104,0.47097972,0.54187,0.4878682,0.53261364,0.48184377,0.51092726,0.5238755,0.512132,0.5085338,0.5152011,0.52341866,0.4348073,0.5259148,0.47489873,0.5067059,0.47375858,0.47083926,0.49551472,0.47335547,0.56066203,0.48609683,0.55600804,0.47726455,0.4522619,0.51360536,0.47660768,0.4675276,0.5098566,0.49985778,0.51239055,0.46439147,0.5038764,0.47881857,0.5232358,0.55693686,0.51169634,0.5070733,0.53651494,0.5064982,0.47338152,0.5088922,0.4483854,0.49573505,0.45143878,0.45802382,0.50496566,0.500294,0.45090833,0.4781891,0.52014273,0.5
0.51448774,0.5326483,0.5098309,0.4681394,0.50944734,0.45830074,0.51619864,0.4579456,0.47205117,0.5561175,0.49951836,0.5304179,0.4850462,0.48636848,0.49850455,0.5277593,0.47982442,0.53477335,0.51064867,0.54433167,0.52125096,0.49595922,0.5307194,0.54581827,0.519291,0.4508236,0.54282075,0.4765724,0.5082018,0.40480274,0.43829775,0.4831379,0.4148352,0.5551934,0.5482173,0.524495,0.4453528,0.47812513,0.48450103,0.47024277,0.46868485,0.452379,0.46444404,0.49091935,0.44079277,0.5539967,0.5071566,0.49262014,0.53811586,0.5156298,0.5062942,0.53136826,0.5250464,0.44641924,0.5103268,0.4516087,0.47531086,0.48030266,0.44742444,0.51159936,0.47594944,0.42099816,0.46589193,0.49987882,0.5
0.53561944,0.5388236,0.5225895,0.4793959,0.5058564,0.4704115,0.48350668,0.47365257,0.43955186,0.5694118,0.50209254,0.51840806,0.4835093,0.5062981,0.4642315,0.5639974,0.4736309,0.52843124,0.49176246,0.5154639,0.54795027,0.51146305,0.49889156,0.48002747,0.5366198,0.4588543,0.54748195,0.4917009,0.50369257,0.47166678,0.46941084,0.49739823,0.4955493,0.54335546,0.48476997,0.56269765,0.5268263,0.4500261,0.5111476,0.44741878,0.4500047,0.5109948,0.4918006,0.5056824,0.45660675,0.49313185,0.43242624,0.49641383,0.57092154,0.52819455,0.5245044,0.5562708,0.51451606,0.46202132,0.52979827,0.4268177,0.5083728,0.4321937,0.42103165,0.50081104,0.51829016,0.4281167,0.45072475,0.4979883,0.0
0.5591193,0.52790433,0.5230149,0.46129283,0.52236253,0.46079603,0.49605286,0.42533213,0.44672623,0.55589104,0.46814305,0.53271407,0.48772964,0.49272025,0.48292503,0.5413508,0.5151878,0.5129053,0.52809113,0.5265641,0.515126,0.47717315,0.48799583,0.5007123,0.51528424,0.47324106,0.5227218,0.5029202,0.47564727,0.43722075,0.46171936,0.49846128,0.4781629,0.5345941,0.49938512,0.49648347,0.49093807,0.46455577,0.5000517,0.49255797,0.46710917,0.5024564,0.47508126,0.5262634,0.46141154,0.53351206,0.4427858,0.46785897,0.54139227,0.49322873,0.48549396,0.5432778,0.5108418,0.4559999,0.5026365,0.4375967,0.46668127,0.46706063,0.44265667,0.47303122,0.48472032,0.41545442,0.45177087,0.4916309,0.25
0.5539438,0.5336554,0.5055946,0.482616,0.49786785,0.45177996,0.48536608,0.39899805,0.42301518,0.5571692,0.47169316,0.5242163,0.4840088,0.5101352,0.47969818,0.5455994,0.494445,0.49071315,0.53750026,0.52516365,0.5075371,0.4883252,0.48521233,0.50280213,0.5369536,0.47932264,0.5118393,0.46297577,0.48813835,0.41172132,0.45155883,0.49920735,0.46720344,0.5416217,0.51572305,0.48611176,0.46813393,0.4525276,0.49634498,0.4774734,0.4796652,0.48080328,0.48013097,0.52824587,0.45357445,0.5431422,0.51075816,0.4862126,0.568496,0.5354318,0.5052445,0.5479825,0.518975,0.47339675,0.5202802,0.4259001,0.48327214,0.4549769,0.44565362,0.49856073,0.482021,0.42842117,0.4154761,0.48708427,0.75
0.54977393,0.51562643,0.49763325,0.4617472,0.52244663,0.47247335,0.4752426,0.4413839,0.45408925,0.5328845,0.49890932,0.54935265,0.46760952,0.5177708,0.47159907,0.53682184,0.50312126,0.4935877,0.52250385,0.48169926,0.5275716,0.5205918,0.5105097,0.47574833,0.5120583,0.4814516,0.49727365,0.45485798,0.49542472,0.44415066,0.4428995,0.4934379,0.5010679,0.53148973,0.5099616,0.5103477,0.47419086,0.4510777,0.48314676,0.4845254,0.47581282,0.4900116,0.45891336,0.5288283,0.43468097,0.5422857,0.4487227,0.48273835,0.55305773,0.5113219,0.49766332,0.52587134,0.5068963,0.48508272,0.5079327,0.43983278,0.49486357,0.50095344,0.48017964,0.5293382,0.5104626,0.44027224,0.42536628,0.5279491,0.75
0.55583847,0.5067135,0.51048326,0.45862398,0.5347248,0.45842803,0.48895517,0.42134297,0.46941057,0.55843884,0.5053157,0.5413372,0.47335306,0.48850316,0.4774218,0.50678253,0.5028989,0.50165135,0.5272441,0.5191363,0.5392227,0.49647272,0.50277245,0.49471578,0.5300881,0.45895863,0.5125071,0.47541848,0.48597726,0.42218706,0.43646833,0.47541225,0.48022312,0.531097,0.50207144,0.5095834,0.5021446,0.46801224,0.5091803,0.46222684,0.4649565,0.4823401,0.49222332,0.5243797,0.46333063,0.54266584,0.47139484,0.4988739,0.5559633,0.53147304,0.48309442,0.53570974,0.53497,0.48936456,0.5049288,0.45252475,0.49476734,0.47256577,0.4564697,0.5116864,0.48522255,0.44571987,0.4276797,0.4979662,0.25
0.5811405,0.54571146,0.5376045,0.4734585,0.53060627,0.44278058,0.49645868,0.42831862,0.45714033,0.5680883,0.4874512,0.53723603,0.48176104,0.50084907,0.46650863,0.54393953,0.5011585,0.4941476,0.511749,0.5172258,0.4979943,0.51393175,0.48180044,0.485897,0.54068035,0.4787797,0.5134602,0.47334537,0.4911522,0.4307264,0.48701996,0.49010143,0.4851983,0.54798156,0.5050528,0.49530378,0.4859607,0.45943424,0.49348482,0.4735265,0.46571305,0.50829446,0.46359375,0.52010095,0.44719663,0.52223045,0.44127047,0.49234283,0.53915095,0.48098457,0.5182964,0.5541289,0.51762366,0.4961603,0.5378076,0.4272081,0.48033574,0.4882248,0.4469624,0.52320415,0.49742362,0.42811754,0.42654383,0.4832018,0.25
0.55139524,0.55418783,0.5059066,0.49240705,0.49487197,0.4660375,0.50045437,0.44416043,0.46474376,0.53565025,0.46500874,0.503807,0.49171495,0.50998473,0.47373268,0.52542335,0.5259641,0.5255386,0.51950836,0.5091424,0.52214575,0.5295621,0.48697278,0.50830853,0.52891606,0.4787062,0.5170277,0.46548778,0.5171082,0.43808088,0.45651343,0.47692028,0.45877606,0.5215729,0.5082571,0.4981859,0.4583786,0.49202305,0.50125015,0.46261832,0.48772025,0.5025511,0.46220595,0.5173563,0.44082788,0.5373225,0.48367995,0.48537028,0.5379138,0.48973042,0.5146148,0.5616613,0.5236164,0.4588568,0.508209,0.4277983,0.47940335,0.48073354,0.4781929,0.4754339,0.51104087,0.4308327,0.4701026,0.4992902,0.25
0.54021513,0.5194075,0.5101811,0.46700382,0.5107221,0.4680297,0.4861426,0.4245568,0.4723326,0.5506479,0.49730155,0.5441708,0.48952648,0.49096575,0.48461136,0.52845824,0.52073735,0.5005614,0.53884834,0.5298759,0.5192908,0.4810371,0.5002386,0.5053013,0.51317394,0.47647905,0.5176861,0.49461952,0.47943893,0.43879497,0.42873156,0.48776487,0.47580194,0.5335777,0.50754696,0.5027544,0.48096478,0.45054603,0.503479,0.49311602,0.48154524,0.4854227,0.4977947,0.51127565,0.46571133,0.5406476,0.49565053,0.49004543,0.5437134,0.5205831,0.4959124,0.543837,0.5155008,0.46791536,0.49661788,0.44434106,0.47633913,0.4627004,0.44284046,0.471865,0.4890556,0.42290774,0.42867988,0.5049668,0.25
0.5403193,0.51940453,0.5266382,0.4743628,0.5277537,0.4446286,0.50057024,0.4347407,0.45480517,0.5601613,0.50868726,0.54830885,0.5048031,0.5105063,0.4644629,0.5184971,0.4801553,0.5167579,0.53386194,0.53151464,0.5500113,0.5077713,0.5263901,0.5250556,0.5109973,0.46296862,0.5275589,0.46650994,0.5087449,0.41900653,0.4384044,0.46604347,0.48092428,0.51320636,0.4944237,0.5180256,0.49295732,0.4682353,0.502156,0.47602376,0.45855463,0.5094757,0.47980094,0.50107807,0.47188678,0.50431895,0.49310657,0.51969254,0.55414516,0.5574287,0.53564095,0.5557638,0.5469135,0.49223152,0.52216715,0.39868692,0.4960828,0.4286438,0.38476175,0.4888977,0.49484164,0.40892836,0.45609632,0.46052328,0.25
0.56115544,0.5405821,0.50088143,0.4768932,0.49775866,0.46514916,0.48962015,0.42889145,0.45343208,0.55215627,0.49882346,0.5293,0.48080182,0.5105828,0.47073597,0.5290499,0.48188388,0.5073711,0.5196821,0.51773053,0.55037576,0.49521583,0.5045275,0.48370492,0.5338344,0.48303145,0.4696364,0.45824608,0.4801538,0.41408005,0.44331142,0.47217813,0.49235967,0.5222871,0.52851254,0.4790196,0.4762437,0.4378244,0.4718464,0.49115047,0.4697418,0.46861625,0.4486136,0.54908454,0.44114578,0.5575436,0.4953927,0.45197645,0.5455042,0.53687227,0.5283349,0.55756944,0.50271714,0.46826324,0.524024,0.41984522,0.47857776,0.48205346,0.44555274,0.48309416,0.5000397,0.4030332,0.42322958,0.4896982,0.75
0.5335133,0.52150106,0.51060915,0.4557825,0.51284766,0.46489713,0.49727678,0.42731765,0.42782292,0.5411367,0.49034172,0.552945,0.508114,0.52949506,0.46836686,0.53929996,0.49924496,0.4937189,0.542115,0.5174349,0.53164095,0.47407484,0.4922021,0.4933087,0.5370063,0.4751811,0.5121227,0.48093614,0.47910774,0.42388427,0.42978182,0.51124364,0.48356742,0.5390921,0.49350908,0.4891637,0.51451594,0.47279465,0.5092265,0.4707442,0.45556268,0.48637432,0.49264708,0.50392836,0.46668285,0.53735787,0.47094366,0.5024148,0.55797535,0.56021464,0.5218591,0.5687828,0.5345416,0.5083553,0.5345215,0.4049368,0.4753771,0.42135897,0.4173804,0.49849838,0.4796472,0.4361956,0.424481,0.47393996,0.75
0.5410443,0.5202807,0.5182805,0.4770971,0.5216351,0.4620765,0.48358572,0.46694115,0.4441112,0.5744089,0.48749408,0.527163,0.4745429,0.50090003,0.4727885,0.53815544,0.4858233,0.53763723,0.4866805,0.49392626,0.52501225,0.5142994,0.5137721,0.5072897,0.5181193,0.43573004,0.5335009,0.46820757,0.50685143,0.4681513,0.46291655,0.48952025,0.4907443,0.54444796,0.49617535,0.55741423,0.48333338,0.46222395,0.50483143,0.4665951,0.462951,0.5217068,0.48884028,0.52049345,0.46066755,0.50376344,0.4700175,0.52040404,0.5571565,0.5067858,0.5153653,0.5360071,0.5149907,0.47638863,0.50842434,0.45936522,0.49308208,0.47111383,0.4553149,0.5135459,0.49986088,0.45259863,0.47932798,0.52460563,0.25
0.557709,0.5390019,0.49721444,0.4850564,0.49285588,0.46346378,0.49044466,0.4124459,0.43731928,0.5608963,0.4821332,0.5300932,0.47370988,0.5171237,0.46767902,0.53670925,0.48409104,0.5057327,0.5243453,0.51989704,0.52710456,0.4936383,0.49789822,0.50673187,0.539199,0.46824995,0.49587864,0.47197354,0.4913939,0.39795032,0.45264047,0.4773769,0.45715207,0.5508225,0.534866,0.49811587,0.4633681,0.4609464,0.46510303,0.4741976,0.4698862,0.46686304,0.46567112,0.534292,0.43995342,0.5648974,0.49787065,0.45775047,0.5520453,0.49872938,0.5111204,0.5599881,0.52802306,0.4598652,0.5255099,0.41305318,0.48471314,0.47494638,0.44851455,0.48728266,0.47990432,0.4196447,0.44222826,0.47079235,0.25
0.55412817,0.53224266,0.5452371,0.48470417,0.54029626,0.46769965,0.5005712,0.45962158,0.45268527,0.5789702,0.49467975,0.5130081,0.48480627,0.4879759,0.47253424,0.5322108,0.4850146,0.51961297,0.48333985,0.51319945,0.5324929,0.49974278,0.5167048,0.51129127,0.52317953,0.45479912,0.5143465,0.4814312,0.49894068,0.4781411,0.48361966,0.50030154,0.49858254,0.53228647,0.49468705,0.5238862,0.49278048,0.46100613,0.51387733,0.4856037,0.46257445,0.50470996,0.5029166,0.5167926,0.47730333,0.49403986,0.4667932,0.5178991,0.5366647,0.5103857,0.5046794,0.536837,0.50767326,0.46885738,0.5076859,0.4548088,0.49490666,0.4691114,0.47072533,0.50029093,0.4874319,0.45410278,0.47737503,0.4935043,0.25
0.5195098,0.5173916,0.5319128,0.44826347,0.5312404,0.45079905,0.49605745,0.45303294,0.45926353,0.5688839,0.49948072,0.5315825,0.48061407,0.4774472,0.4883603,0.54092103,0.49188533,0.5214277,0.5202219,0.55748767,0.5084809,0.4966677,0.5169746,0.5332795,0.51082253,0.4499992,0.5202768,0.46882838,0.48715064,0.42770562,0.43839192,0.4860394,0.4435166,0.5301217,0.5234311,0.5190865,0.46455228,0.4646682,0.50120556,0.46880248,0.46759072,0.48316702,0.47272035,0.49037912,0.45113775,0.52566594,0.500283,0.5107662,0.5554061,0.5300086,0.51084316,0.5223029,0.50413305,0.46445057,0.50329447,0.4503068,0.49008885,0.46459448,0.4413832,0.53321815,0.50248665,0.42601693,0.44964343,0.5295444,0.25
0.55798537,0.52823126,0.51140845,0.48506898,0.49814934,0.46850744,0.48044467,0.4197315,0.44701007,0.5694015,0.48510507,0.5335948,0.47897956,0.49263138,0.45701596,0.5245609,0.50504804,0.5311571,0.52833265,0.5221393,0.5402597,0.5017631,0.52513933,0.511428,0.52761936,0.4521967,0.5392175,0.45614338,0.4942475,0.42284277,0.445222,0.48311237,0.4505693,0.55235237,0.52355784,0.51362306,0.4662758,0.46558833,0.49822164,0.46031386,0.47285828,0.5020287,0.49483308,0.5203851,0.43204656,0.5343509,0.48025748,0.4822221,0.5671085,0.52340925,0.5000911,0.555141,0.53412014,0.46599814,0.5165635,0.39769658,0.48731098,0.4511507,0.45750338,0.46968436,0.48672837,0.41860542,0.44664454,0.47635996,0.25
0.5644576,0.54340374,0.5013007,0.47907624,0.49945122,0.4702803,0.49312925,0.42914262,0.44858286,0.5506143,0.48525244,0.53214747,0.4663603,0.5171158,0.4691036,0.53648514,0.4841473,0.52613395,0.4983165,0.51452947,0.5255211,0.5060885,0.49600017,0.5147799,0.535564,0.46387917,0.51387477,0.4930381,0.5044106,0.40058726,0.47548214,0.48651975,0.47500402,0.5563697,0.53070027,0.4990254,0.44419405,0.47288084,0.45770544,0.49474832,0.4915821,0.4729603,0.46968973,0.5333099,0.4386581,0.5519482,0.47936532,0.45021328,0.53823715,0.47106808,0.51917875,0.5499651,0.5232175,0.4499452,0.5285423,0.42912707,0.4910681,0.4872025,0.47725374,0.49874365,0.4876668,0.44008923,0.45581585,0.48212346,0.5
0.56242424,0.5437364,0.5024325,0.4718836,0.5061948,0.4644091,0.48752746,0.4275645,0.43804407,0.5480416,0.47685862,0.5309674,0.4753006,0.51526976,0.474663,0.545745,0.5014541,0.5069472,0.51679033,0.5110333,0.5119493,0.50365144,0.49229354,0.48129228,0.5223512,0.48475346,0.5018474,0.46568757,0.4860647,0.44882807,0.47150818,0.5004526,0.4873722,0.52872026,0.5120395,0.49110013,0.47640097,0.46254712,0.48175284,0.49477518,0.48500693,0.50047183,0.46662676,0.5342668,0.4550968,0.5334471,0.46858275,0.47290844,0.54217607,0.49900898,0.5110496,0.53597856,0.49979922,0.47706118,0.52287114,0.4312188,0.47904304,0.4754199,0.4626045,0.49648306,0.48695087,0.43145517,0.42578906,0.49594104,0.25
0.5349849,0.52851254,0.4979549,0.4710474,0.51454437,0.45998415,0.49881414,0.4483877,0.4483415,0.54547894,0.47280157,0.5300043,0.466394,0.50828904,0.48654655,0.5391658,0.47037444,0.5303234,0.49975166,0.5289357,0.53539383,0.4975136,0.4989481,0.5286875,0.5506996,0.45688945,0.50754446,0.47364676,0.49327132,0.41329113,0.4524044,0.488289,0.4211505,0.5714214,0.5485121,0.5114694,0.4342328,0.4795371,0.45260948,0.46809244,0.4710899,0.45990998,0.44934523,0.5106512,0.43353084,0.55634505,0.50957805,0.47704303,0.5586591,0.53258187,0.5218047,0.5476282,0.52597874,0.46295366,0.51586825,0.44110647,0.4827604,0.46898025,0.44643304,0.5024378,0.48355806,0.4340674,0.44965678,0.48150736,0.75
0.5523357,0.5244559,0.5096426,0.46705222,0.5140252,0.4700343,0.49036995,0.42925954,0.43900457,0.537353,0.48252302,0.53659505,0.46662146,0.51633227,0.4698184,0.53276426,0.50875413,0.50339836,0.5242525,0.49124864,0.50937027,0.5014255,0.48956883,0.4855907,0.52998286,0.47897565,0.5113874,0.46267563,0.49033806,0.4306864,0.4617582,0.5113358,0.47788116,0.56144077,0.5113466,0.50880235,0.47835755,0.4711113,0.4827306,0.48588327,0.46456835,0.50244176,0.47741118,0.51616937,0.447454,0.5317501,0.45544788,0.49397516,0.5291712,0.47092077,0.5007982,0.540983,0.53270215,0.48395282,0.50980616,0.4426759,0.49419573,0.477942,0.4749617,0.52951264,0.48714378,0.45446473,0.4469425,0.50865096,0.5
0.54758686,0.53340876,0.5040213,0.47152272,0.52949107,0.4730271,0.5046786,0.47193778,0.46833423,0.5543411,0.4947596,0.5345304,0.4727927,0.49898627,0.46802256,0.536162,0.5062815,0.5499259,0.49022007,0.51694745,0.55076873,0.5075363,0.5134939,0.5212559,0.51248986,0.47785076,0.5193653,0.45744509,0.5207678,0.4439743,0.43350506,0.45798796,0.49171025,0.5421507,0.4972599,0.56390554,0.45747885,0.47131476,0.49251643,0.44698054,0.4673043,0.51243263,0.46176848,0.5266251,0.41818962,0.5019928,0.48670715,0.5070851,0.538187,0.5148671,0.4944236,0.5490119,0.5096116,0.46852505,0.51308554,0.44142687,0.47833148,0.47932693,0.4413295,0.51104313,0.5091295,0.42642274,0.45603812,0.5032644,0.75
0.55946606,0.52157354,0.5059905,0.4813971,0.5317643,0.45098066,0.48789316,0.448798,0.44547114,0.55422646,0.47668535,0.5076173,0.48054072,0.4815105,0.47629458,0.53620315,0.49197295,0.5209918,0.48625597,0.52156687,0.51298165,0.50368863,0.5039498,0.50860614,0.5244175,0.46393153,0.5098923,0.47196555,0.4978282,0.46045026,0.47544312,0.49416307,0.46197602,0.5844289,0.51119924,0.5302642,0.45853102,0.46774668,0.4705608,0.4860157,0.44982246,0.5102359,0.47506922,0.52194405,0.44954214,0.5073652,0.4756036,0.5101834,0.5585142,0.49069887,0.5091177,0.53159386,0.52359635,0.47844324,0.5100866,0.4477041,0.5046201,0.46103466,0.44632277,0.5253602,0.49948275,0.44400877,0.4596366,0.507664,0.5
0.55015194,0.517358,0.4958164,0.48298213,0.5284567,0.4592002,0.4872079,0.45898005,0.45415482,0.54329187,0.49329296,0.5093817,0.4857229,0.47647136,0.47423267,0.53527355,0.48038024,0.52128536,0.4885793,0.5133628,0.5166776,0.50220335,0.5105355,0.4914075,0.521853,0.46999,0.50508064,0.47694248,0.48412654,0.47095397,0.47113153,0.49701154,0.48096734,0.5791966,0.5221231,0.5340312,0.46592206,0.46472558,0.46803644,0.49256548,0.44129243,0.5056165,0.46144673,0.52555597,0.44182155,0.5080813,0.4706651,0.4958513,0.55765855,0.4773609,0.5112128,0.52173954,0.52822447,0.48089415,0.5120974,0.4436355,0.5066451,0.46380016,0.44648644,0.5310101,0.50991267,0.45242107,0.45598474,0.50913393,0.25
0.55720437,0.53432274,0.5257578,0.47954965,0.52418995,0.43729082,0.5052714,0.42974597,0.47245258,0.5615222,0.49465314,0.5337672,0.48517326,0.50559855,0.47329703,0.531041,0.49676746,0.49188107,0.5350017,0.5441966,0.5109887,0.50378215,0.50403523,0.5078677,0.5300893,0.47250837,0.5102098,0.47751975,0.4947653,0.41717806,0.4549208,0.4836127,0.4599605,0.5370819,0.49931526,0.5063834,0.48964342,0.4633397,0.5210181,0.47019276,0.46963182,0.50504255,0.48731512,0.516114,0.4683551,0.5234199,0.4710244,0.49945337,0.5573842,0.5389291,0.49922505,0.5483847,0.5147847,0.49300286,0.5118285,0.43736947,0.48682466,0.47101495,0.4532774,0.5213154,0.48540556,0.4148689,0.41048098,0.49215043,0.75
0.56624985,0.54734695,0.5165874,0.49443272,0.5018953,0.46166268,0.49658513,0.41579992,0.45404008,0.5517247,0.4836755,0.5355597,0.48752335,0.52842456,0.46991327,0.5278426,0.48751244,0.5045123,0.52223456,0.5267795,0.5298893,0.5027757,0.50129086,0.538126,0.55375326,0.4654593,0.5039538,0.47417095,0.5038253,0.40260065,0.44968474,0.45028836,0.45738205,0.5178968,0.5274941,0.4892233,0.47135097,0.4528883,0.4639403,0.47632942,0.46449608,0.47553083,0.43511486,0.5425704,0.44697872,0.53993547,0.48397386,0.48130378,0.55661523,0.52806264,0.5059464,0.5350392,0.5254132,0.45757064,0.5109355,0.42929235,0.49637988,0.46613613,0.44147822,0.48403817,0.4952752,0.42818302,0.4478147,0.47157487,0.5
0.5658539,0.5310616,0.5234035,0.47420233,0.5328649,0.45615524,0.48612443,0.43123809,0.43504798,0.54631877,0.48540273,0.51701003,0.5031341,0.4988434,0.46474412,0.5399425,0.51422054,0.50010866,0.5263837,0.4967769,0.51803344,0.49155894,0.49654344,0.48232687,0.50521475,0.49829003,0.4955888,0.47903833,0.49172053,0.46189383,0.47065726,0.50303775,0.47631356,0.5320422,0.4893399,0.4965524,0.501589,0.48177096,0.494287,0.5011949,0.47079098,0.5053293,0.48025337,0.51625,0.4810796,0.5271124,0.45591334,0.48932922,0.5423641,0.53852504,0.51807183,0.5620211,0.5283607,0.5006713,0.51341885,0.3950343,0.49084535,0.4334458,0.41611338,0.47832772,0.4782559,0.41003716,0.43210846,0.49125555,0.25
0.5246033,0.5096954,0.50618714,0.46483085,0.5401612,0.4463051,0.49270833,0.437578,0.45213336,0.56210977,0.49008948,0.53125757,0.47956237,0.4850884,0.49267742,0.52241856,0.50676,0.5185574,0.5199803,0.52470034,0.545595,0.5046296,0.5068302,0.51852626,0.5406333,0.43500388,0.54434216,0.46048713,0.5071013,0.4179007,0.42926398,0.47513035,0.46007255,0.5523057,0.50853467,0.53846717,0.46929613,0.4771348,0.5025799,0.44379112,0.46247944,0.4838183,0.4690025,0.48384997,0.45156386,0.5166783,0.48552972,0.5368243,0.56250584,0.5485039,0.5127422,0.53615004,0.52364504,0.4820926,0.51493937,0.46540368,0.50272536,0.45285547,0.443756,0.523525,0.48814625,0.44168976,0.46111447,0.5263451,0.25
0.55386174,0.52816904,0.49750724,0.46826273,0.5092273,0.45903286,0.4886933,0.4164055,0.44961354,0.5579071,0.48790482,0.5328125,0.48099354,0.5073591,0.47930032,0.5394334,0.48719853,0.49363786,0.52615833,0.5190673,0.52227044,0.4806671,0.4872429,0.48288742,0.52939284,0.48581243,0.49359417,0.4601937,0.47669333,0.4311987,0.4463273,0.49996367,0.4725093,0.54101443,0.5170573,0.48619297,0.48016563,0.43821305,0.498051,0.47632298,0.47156563,0.47573024,0.4784205,0.5387196,0.45269984,0.5482054,0.49690923,0.47969168,0.5670853,0.5202432,0.5058514,0.5478399,0.5046408,0.46938962,0.5210833,0.42498347,0.47821394,0.45772016,0.45094845,0.49328285,0.4899718,0.4327741,0.41557264,0.4795268,0.25
0.57150614,0.54009235,0.5289586,0.47419947,0.5334101,0.45089662,0.48650983,0.42618036,0.42795298,0.549156,0.48150748,0.50722665,0.5042798,0.4994846,0.4656416,0.55346847,0.508502,0.49699813,0.5277624,0.5037059,0.52260077,0.48590034,0.49034524,0.48146218,0.51337934,0.49968165,0.48958755,0.4756104,0.49107432,0.45419696,0.46522066,0.51085436,0.4673536,0.52745366,0.48839593,0.48892602,0.49961284,0.48256418,0.49572143,0.506515,0.4737705,0.5017677,0.4758921,0.5172308,0.4826751,0.53076243,0.4565466,0.49178144,0.54079396,0.5410223,0.520925,0.5673222,0.520862,0.49524403,0.5157001,0.38739827,0.49052143,0.43109125,0.41759387,0.46998572,0.47936416,0.40799144,0.4304632,0.48023593,0.25
0.56005895,0.544845,0.50329494,0.48396295,0.49168205,0.47029233,0.48988736,0.41900375,0.43684763,0.56261307,0.4932658,0.5291446,0.47943673,0.51711196,0.4643409,0.52915716,0.48191786,0.5104626,0.5183231,0.5205754,0.5239815,0.48886403,0.48989975,0.4968675,0.5366175,0.48437527,0.48619094,0.4725081,0.49107286,0.40578946,0.4644987,0.48498836,0.45908156,0.554418,0.536081,0.48176795,0.4617179,0.46025702,0.46061707,0.47874293,0.46507832,0.4601074,0.4670404,0.553986,0.4412386,0.5636291,0.4914705,0.45813027,0.55777365,0.5078965,0.51025385,0.5573396,0.5155711,0.45151833,0.51080894,0.41197613,0.4852653,0.4771908,0.450341,0.4712208,0.48015985,0.40444824,0.45795196,0.47451854,1.0
0.5434443,0.5423122,0.53086555,0.45588347,0.52018344,0.47879136,0.4965842,0.45622173,0.4300311,0.5636034,0.48483714,0.51980853,0.4879055,0.49708232,0.4821088,0.53702193,0.52528656,0.52711654,0.50912964,0.47723028,0.5371437,0.5376421,0.53131664,0.5208653,0.5356682,0.46722534,0.5428281,0.4501378,0.5145333,0.48122603,0.411559,0.5086923,0.4799399,0.55019194,0.50168604,0.54648244,0.53362393,0.44366756,0.5113177,0.45930332,0.43518174,0.5155937,0.5006653,0.51424193,0.48081216,0.5135264,0.45387265,0.53927577,0.5490848,0.5280413,0.5704102,0.5676933,0.52709955,0.48378888,0.5465014,0.4121071,0.47233683,0.42523786,0.4159017,0.47943822,0.5379398,0.44773242,0.48677644,0.5015084,0.25
0.52711993,0.54081535,0.50341415,0.47631517,0.52215433,0.45659736,0.5134516,0.45471445,0.46973348,0.5636746,0.4879784,0.5174874,0.47646612,0.4890518,0.4784583,0.52392304,0.4816229,0.5413266,0.50242203,0.53878987,0.5354917,0.49773088,0.51393074,0.53966045,0.5303879,0.4480153,0.53012407,0.4653342,0.5045847,0.42150682,0.43683696,0.47090545,0.43552622,0.553475,0.5191825,0.54548883,0.46654257,0.47829172,0.49509218,0.4550378,0.47472188,0.48381174,0.46701023,0.49397424,0.4351973,0.52183425,0.4975618,0.51501995,0.5452234,0.53323007,0.50033873,0.55067706,0.5273521,0.46974394,0.5137425,0.44536224,0.48186582,0.46293017,0.4543163,0.49699193,0.4862568,0.4242618,0.46214083,0.4861398,0.75
0.5773301,0.52910846,0.5364743,0.47915483,0.53351253,0.4583899,0.4991735,0.44025677,0.46569985,0.57684165,0.49405265,0.5334972,0.48130074,0.49245793,0.46965462,0.5300421,0.495482,0.50139016,0.504731,0.51701385,0.51048,0.5092063,0.48258123,0.5027615,0.5347985,0.47344747,0.51448876,0.47849074,0.5054658,0.42924067,0.489901,0.4886893,0.47280928,0.5318455,0.49803936,0.5142559,0.48148322,0.4739999,0.5066221,0.46568552,0.48431346,0.50663096,0.46690106,0.51269,0.4536708,0.5022841,0.46003816,0.4975293,0.5348383,0.49535337,0.5025212,0.55256236,0.523166,0.4896253,0.50658965,0.44472593,0.48563677,0.49992868,0.46017736,0.51342267,0.4807591,0.42309844,0.43278039,0.4908476,0.75
0.5285086,0.5282947,0.49387455,0.48216394,0.51945215,0.45974597,0.4986635,0.44897792,0.44272816,0.5411866,0.46675688,0.5294004,0.47007784,0.5114358,0.4852749,0.5268829,0.47249177,0.52572066,0.49633768,0.5247849,0.53377044,0.50412136,0.49917516,0.53698516,0.54646254,0.4546581,0.50616235,0.46605945,0.50078154,0.41209853,0.45250532,0.47795865,0.4269,0.5732751,0.54118127,0.50902355,0.43923265,0.48211715,0.45419028,0.47191715,0.47722134,0.46630636,0.45764798,0.51309615,0.44478884,0.5446526,0.5078818,0.49134922,0.55774283,0.5392659,0.5177011,0.5465003,0.52738994,0.46606517,0.5136689,0.4442183,0.47629905,0.46577638,0.44208086,0.49989206,0.48904103,0.42779505,0.44939244,0.49070597,0.25
0.5493494,0.5293399,0.50984925,0.48710892,0.5046877,0.47582316,0.4898842,0.43133152,0.46113887,0.5649966,0.49698848,0.5314939,0.48696294,0.49586725,0.45947134,0.5190126,0.491586,0.5251725,0.5225572,0.53157085,0.52825934,0.5030294,0.5110706,0.5112424,0.5252902,0.47328538,0.49587548,0.4779047,0.49135768,0.41228455,0.4600162,0.47518414,0.46075615,0.54343307,0.5140057,0.49280858,0.4658339,0.462778,0.47272202,0.48530328,0.47337916,0.47639668,0.47886434,0.538187,0.44431895,0.5513002,0.4879719,0.47220698,0.55081075,0.5086324,0.4998669,0.55975,0.5258676,0.46304047,0.5027335,0.41383845,0.4870117,0.47385728,0.45295268,0.46299234,0.47562978,0.4069472,0.45057955,0.47860906,0.75
0.55401564,0.5285529,0.5304771,0.4517301,0.55112994,0.454181,0.4908866,0.45348895,0.42109886,0.56980246,0.50768405,0.5311549,0.486078,0.49975547,0.45618108,0.54144114,0.4963021,0.5288019,0.50619376,0.50238204,0.54320174,0.5176057,0.5172705,0.5155017,0.5330784,0.45257038,0.5556355,0.46340895,0.5146713,0.4384864,0.44155696,0.51734936,0.4827846,0.5530938,0.49766362,0.54354405,0.5174267,0.44794595,0.49917608,0.45430994,0.4503771,0.5052502,0.4915797,0.5024401,0.45489103,0.51130146,0.4594286,0.5345925,0.552331,0.5471881,0.5309269,0.55669045,0.52317446,0.50431395,0.53490996,0.42094257,0.48871836,0.45668018,0.41794494,0.50336474,0.51029205,0.4215623,0.45201808,0.5050759,0.75
0.5423933,0.52759993,0.53861237,0.48125583,0.52908623,0.4619431,0.49501204,0.465008,0.45233205,0.5726944,0.49389914,0.52604675,0.4800504,0.4938093,0.46802577,0.54031837,0.48489127,0.53282064,0.4802318,0.50653505,0.51437575,0.51092464,0.5089183,0.5017299,0.51803267,0.4431446,0.5194766,0.47994116,0.50247043,0.4820749,0.47505808,0.49637288,0.47941554,0.5605177,0.48823175,0.557842,0.48171046,0.45437905,0.5116294,0.47718474,0.46202424,0.5090037,0.4986453,0.5099411,0.46399927,0.5028097,0.470343,0.51512843,0.55464274,0.5047635,0.50211835,0.53034276,0.5083368,0.47523358,0.50670016,0.45650864,0.4976345,0.46153575,0.4608313,0.5057776,0.4986523,0.4557282,0.48106587,0.517105,0.5
0.5546694,0.52637416,0.51316875,0.48373702,0.50607955,0.46016833,0.4803597,0.4198628,0.44339377,0.5553239,0.47455835,0.5337083,0.47165227,0.48695353,0.4636611,0.5278761,0.5122679,0.5136644,0.5306242,0.527999,0.528523,0.49914497,0.5176333,0.5105565,0.52037257,0.4643198,0.5117537,0.45946643,0.49320075,0.44153425,0.45660898,0.49379936,0.47008827,0.5371558,0.49980876,0.50708574,0.4734248,0.45936033,0.52534074,0.47524816,0.46986726,0.5112781,0.49884042,0.514537,0.4660571,0.51096994,0.48798016,0.4964197,0.5751142,0.55446327,0.4954643,0.5448107,0.50010616,0.49203572,0.5264327,0.42826983,0.4862015,0.45731172,0.45784184,0.4894472,0.47920883,0.41907787,0.43365687,0.49443066,0.25
0.57292485,0.5561379,0.51208514,0.47995597,0.51097345,0.4604306,0.4868048,0.42251387,0.44844234,0.567723,0.48526254,0.53732634,0.46953475,0.50595176,0.4613824,0.538844,0.49716178,0.52826387,0.5141395,0.52569985,0.53517324,0.5111672,0.48703873,0.49560565,0.5316363,0.47112364,0.50610536,0.4833381,0.48956108,0.40782273,0.46327817,0.48474154,0.47358856,0.5583966,0.51787746,0.49818376,0.43940717,0.46550855,0.46521536,0.48913145,0.4888442,0.47273383,0.46103212,0.5340501,0.42907175,0.54700005,0.4774036,0.45321703,0.5460632,0.47017062,0.51988393,0.55667,0.5188147,0.4408036,0.5262218,0.4208215,0.48762795,0.4813181,0.46950153,0.49356446,0.48984525,0.42985266,0.45467347,0.47870895,0.25
0.55747855,0.5254615,0.51069945,0.4878488,0.5049209,0.46901646,0.47203335,0.42595583,0.45226458,0.558529,0.46484354,0.5378297,0.46717715,0.49323738,0.46860367,0.51833653,0.5251666,0.5190033,0.4991044,0.49094135,0.5334761,0.5285173,0.5152469,0.51345694,0.5182092,0.45917988,0.529365,0.4433253,0.5341116,0.46982738,0.46807215,0.50860435,0.48399502,0.5427449,0.49238417,0.52062,0.4805485,0.4677907,0.51280737,0.4741288,0.47307307,0.51438624,0.48062325,0.521961,0.46340078,0.5052614,0.48110583,0.48579797,0.5375289,0.5166636,0.4935976,0.5447992,0.49445334,0.47871673,0.5095746,0.4272824,0.4665602,0.4807537,0.4589929,0.48993468,0.48111692,0.4193686,0.46278268,0.50384253,0.75
0.53513837,0.5200813,0.50114745,0.4573536,0.50282973,0.47693902,0.50174373,0.42025527,0.44219935,0.5348844,0.48916033,0.54666066,0.47829947,0.5339239,0.4855315,0.52250123,0.48991752,0.48947918,0.52720755,0.5121396,0.5139779,0.4761855,0.48973867,0.49074635,0.5403716,0.4656899,0.50153863,0.45925424,0.4732121,0.41776657,0.43311694,0.4972426,0.48276258,0.53700274,0.5113713,0.4925878,0.5031356,0.47073898,0.49931765,0.4651018,0.4665135,0.47720543,0.4876743,0.5232796,0.46352616,0.5527386,0.48082787,0.493777,0.56798923,0.52030116,0.49535343,0.5399537,0.5330523,0.48834237,0.5131708,0.44882026,0.48359048,0.4655534,0.46313953,0.5332514,0.48669204,0.44121245,0.4233192,0.5020869,0.25
0.5703349,0.5339158,0.5308215,0.47088525,0.5187977,0.46421182,0.4884536,0.4281532,0.44033527,0.57603234,0.46168566,0.5261832,0.47323033,0.47892544,0.47782886,0.53449976,0.51329833,0.51601416,0.5115228,0.49436012,0.5262919,0.5094905,0.49380007,0.50996226,0.5255573,0.45878893,0.52434677,0.45888385,0.49557957,0.46272737,0.4619718,0.51259094,0.48202443,0.5367084,0.49432462,0.52402854,0.48879996,0.45349547,0.51560557,0.46374533,0.46647507,0.5118939,0.47050017,0.5204667,0.45368558,0.5127122,0.46010256,0.49056023,0.5449773,0.5090468,0.4982774,0.5610078,0.5093634,0.47667012,0.51232487,0.41755337,0.48364416,0.46227503,0.4689784,0.47880837,0.4723138,0.4191932,0.45120946,0.48644698,0.0
0.5517252,0.5233676,0.5077443,0.48593932,0.5054369,0.46131882,0.47975874,0.42194074,0.44918627,0.5516733,0.47450814,0.53389066,0.47134036,0.49133024,0.46347326,0.5231999,0.5150654,0.51395136,0.53128576,0.52529126,0.5262355,0.50034064,0.5217878,0.50892603,0.51608956,0.46971014,0.5091045,0.4583184,0.4913163,0.44232905,0.4566738,0.49183646,0.47355154,0.5362571,0.5016739,0.5103659,0.4780233,0.45936736,0.5233453,0.4728559,0.46804413,0.5131011,0.49966267,0.5149772,0.46548283,0.5104629,0.48819655,0.4968537,0.5727356,0.55466455,0.49394128,0.5449305,0.4997472,0.49574003,0.52377164,0.43127456,0.48462287,0.4576604,0.45886633,0.49020925,0.4750778,0.41674435,0.43121338,0.49536335,0.25
0.56672394,0.52337784,0.51951486,0.4628105,0.5410955,0.46352425,0.48793232,0.42664763,0.45592943,0.5693797,0.49010137,0.53372234,0.4756601,0.4818179,0.47767946,0.5144331,0.5074743,0.5178556,0.50947744,0.4994403,0.5333277,0.5179722,0.49969098,0.48808128,0.52062994,0.45738682,0.52338535,0.47837648,0.5138097,0.44746625,0.45995933,0.4984368,0.47965586,0.53865385,0.49789056,0.52025366,0.47018024,0.4685127,0.49261862,0.48879388,0.47404942,0.48610303,0.47550216,0.5158215,0.44943386,0.5180488,0.4475235,0.5050598,0.5303285,0.49663532,0.4888024,0.53143686,0.5269321,0.47549814,0.49490678,0.44908947,0.49221444,0.49275213,0.47164732,0.50783265,0.49203184,0.45176837,0.4592534,0.49691778,0.5
0.54766154,0.5173026,0.51281303,0.45956564,0.53242725,0.46829206,0.49158835,0.43149692,0.46059,0.54724175,0.49906966,0.53930664,0.50592476,0.5019054,0.46903288,0.52892303,0.5139385,0.50178635,0.5314834,0.5145663,0.5230379,0.48088804,0.50766754,0.49401057,0.5266329,0.48516783,0.49795842,0.4917341,0.47906774,0.448704,0.43639192,0.4976241,0.48107776,0.5276512,0.48425877,0.5149858,0.5054426,0.4690836,0.5155908,0.48045623,0.45634365,0.48849106,0.5030326,0.5081589,0.48581898,0.52089524,0.45665544,0.514787,0.56738436,0.57355845,0.50824934,0.5484973,0.5092665,0.51043665,0.5294457,0.40917242,0.47998944,0.42905846,0.41658375,0.48850983,0.48666212,0.42628667,0.41652215,0.48953646,0.25
0.5342473,0.53375924,0.51754963,0.48064667,0.52059907,0.47357655,0.5025151,0.46871334,0.455031,0.5653875,0.49920005,0.5324494,0.4828162,0.4932633,0.46582866,0.5375833,0.4862079,0.5415636,0.49561676,0.52665967,0.5397736,0.48244065,0.51231396,0.5159855,0.5436397,0.4564485,0.5386807,0.4672129,0.50251234,0.45202982,0.45868504,0.48815975,0.4343,0.5667426,0.53257334,0.54032874,0.45042303,0.46274877,0.49886492,0.4502877,0.46633887,0.4881962,0.4869259,0.50031006,0.44168028,0.5212858,0.48973575,0.5096513,0.5598883,0.5428689,0.5205064,0.54944104,0.52304345,0.4680764,0.51422423,0.4293317,0.4823099,0.45613542,0.45018306,0.4941284,0.48385632,0.42673135,0.45513383,0.49441656,0.5
0.5393111,0.53312755,0.5243542,0.45705634,0.5123696,0.46261,0.49567777,0.43998057,0.4429518,0.53328127,0.5196625,0.5373152,0.48419222,0.52958924,0.45506254,0.5394568,0.4821917,0.50622463,0.53222597,0.49550113,0.5475635,0.5009759,0.49655733,0.45981118,0.5341492,0.4833866,0.5160202,0.46813285,0.50389737,0.43946356,0.45129302,0.5010634,0.48698518,0.55061215,0.48946023,0.50398046,0.48793757,0.47256815,0.4838437,0.46907127,0.44009447,0.49880895,0.47940442,0.49730924,0.44751567,0.5279175,0.44551376,0.48492828,0.53809994,0.48016185,0.5070886,0.5442337,0.5222804,0.4845465,0.5319308,0.45109355,0.49724913,0.47889137,0.45807758,0.5074576,0.5059563,0.46942317,0.45236713,0.48575783,0.75
0.53222334,0.54106677,0.52930504,0.4681557,0.51933956,0.46621588,0.49999148,0.44797412,0.4417367,0.5388301,0.49044695,0.524207,0.48726264,0.53865355,0.47419086,0.53986126,0.5018804,0.5162168,0.5286271,0.51386714,0.5306717,0.49400643,0.5183678,0.5169334,0.5575963,0.47447515,0.54317397,0.45688376,0.51394683,0.41559055,0.4618438,0.5159969,0.4790521,0.52212745,0.53249824,0.49167904,0.495974,0.46246907,0.45999676,0.4735971,0.4403728,0.51199234,0.4412737,0.5098073,0.45659605,0.52279645,0.44778973,0.4834114,0.535319,0.5022141,0.50485843,0.5351976,0.5145013,0.49026343,0.4984588,0.45473805,0.49810234,0.4181704,0.44600818,0.48042068,0.48610732,0.45054543,0.46312967,0.48199785,0.5
0.5663099,0.53770703,0.5314998,0.4796651,0.5203619,0.4515445,0.49621782,0.41894248,0.4757861,0.5576705,0.51485676,0.55015874,0.49737912,0.5177289,0.46743864,0.53245497,0.47767928,0.48059398,0.51011014,0.5163643,0.5012915,0.48908734,0.49333185,0.47645622,0.54374945,0.48505837,0.49009907,0.4672231,0.47657737,0.44693768,0.46457997,0.48688102,0.4797865,0.5469746,0.5147382,0.48292893,0.49155605,0.45057538,0.5039251,0.47363707,0.4520369,0.4889167,0.4668151,0.5484251,0.4625718,0.5537994,0.45731434,0.48794147,0.57975334,0.5252658,0.51105237,0.54665375,0.50452787,0.47712764,0.5184587,0.4299259,0.48746437,0.47076255,0.4627783,0.50029266,0.49502644,0.4214967,0.41263267,0.48541746,0.25
0.5680937,0.52527523,0.5105194,0.48210946,0.52651787,0.4629975,0.48948887,0.42885664,0.456433,0.5506898,0.491665,0.5253965,0.49835905,0.5058505,0.45885223,0.5279715,0.50255096,0.52149373,0.52183664,0.48510873,0.5242431,0.5013709,0.50488114,0.5008455,0.50682306,0.49396443,0.504926,0.48290402,0.5052876,0.43404242,0.46189305,0.4934617,0.48598048,0.5581383,0.50393933,0.507167,0.4851212,0.47097337,0.47756928,0.5051518,0.46909052,0.50540096,0.48625484,0.5240505,0.4626149,0.51282674,0.47245356,0.46519598,0.53267944,0.5192279,0.5235596,0.5754831,0.527737,0.4869789,0.509112,0.39965948,0.47673684,0.45191053,0.4248679,0.46480784,0.47548118,0.41410133,0.4435745,0.4759178,0.5
0.5675555,0.5479794,0.53610086,0.48689497,0.51383,0.43988678,0.49429637,0.41117978,0.4544286,0.5626004,0.491027,0.53956074,0.4996141,0.5205067,0.46644467,0.54931325,0.48523974,0.47818315,0.5312849,0.53313816,0.5014354,0.49239278,0.48991716,0.4933595,0.5571465,0.4777824,0.505065,0.47208667,0.4855515,0.4212653,0.45662504,0.49106872,0.47138333,0.54551417,0.5102416,0.48730728,0.48705825,0.44806656,0.50829244,0.4729286,0.46166083,0.49157274,0.47090647,0.5366071,0.46087047,0.54645437,0.4702756,0.4972647,0.5753758,0.52493507,0.5164835,0.5511185,0.5124958,0.48532337,0.531831,0.41857302,0.48577213,0.47090113,0.4548557,0.50912005,0.49211562,0.4270767,0.41609025,0.47692147,0.5
0.5683409,0.5333395,0.52599627,0.47109017,0.5148519,0.46350065,0.48542118,0.42420214,0.44018567,0.5748372,0.46286827,0.52716,0.47596422,0.4800768,0.47943234,0.5355254,0.51118445,0.5204522,0.50774044,0.4991567,0.5247105,0.5102612,0.49491334,0.513348,0.52495754,0.4550441,0.52841574,0.45847768,0.50151,0.45716092,0.4680723,0.51181936,0.4772822,0.5357221,0.49258292,0.5203436,0.4845312,0.4561556,0.5105612,0.4655519,0.47177193,0.51265275,0.4737718,0.5212013,0.45366716,0.51182663,0.46710402,0.49205613,0.5458522,0.50887376,0.49684432,0.55920976,0.50606966,0.47630006,0.51042765,0.42148122,0.48181733,0.4628882,0.4715443,0.48088142,0.47223717,0.42128384,0.45390794,0.49214903,0.25
0.5650004,0.54487854,0.53306395,0.48481858,0.5036177,0.4607717,0.5130006,0.42947975,0.4660631,0.5330244,0.46322647,0.52630794,0.49017185,0.4851112,0.48344168,0.51898307,0.5420983,0.49329412,0.5339171,0.5121521,0.49529627,0.4957284,0.4877981,0.50936514,0.51757914,0.48462158,0.5266666,0.4797906,0.49643314,0.44183454,0.46271828,0.4672964,0.4690466,0.52174824,0.5076879,0.48366544,0.4751012,0.46686995,0.49814588,0.48453307,0.47225544,0.49148354,0.47938266,0.51335734,0.46795273,0.5521826,0.46806243,0.47883856,0.5396994,0.49369803,0.48835257,0.53723186,0.5016996,0.45292643,0.5023369,0.44920743,0.46551213,0.46916693,0.44603685,0.47367802,0.4950636,0.4284206,0.4613685,0.49369133,0.25
0.5798935,0.53342855,0.54224336,0.47379157,0.52875644,0.45159432,0.49920365,0.4373961,0.46957266,0.5581538,0.5036197,0.54101264,0.48389754,0.4915964,0.45598453,0.5336887,0.48642135,0.48836133,0.49939555,0.51076525,0.50674903,0.5116508,0.48486337,0.472986,0.537863,0.48302758,0.5008396,0.47147804,0.4841222,0.45432618,0.4847033,0.48351943,0.49586907,0.5492383,0.51175505,0.49999908,0.48616534,0.4509369,0.49460113,0.48342127,0.47024733,0.4968388,0.46259642,0.5364895,0.4460842,0.53100187,0.43611914,0.48855242,0.54535437,0.49433592,0.5159877,0.54119945,0.50365114,0.48578706,0.5293827,0.4371502,0.47891715,0.49776408,0.46899846,0.51511765,0.50118154,0.42705756,0.42455497,0.49577594,0.5
0.56713253,0.5475424,0.5193334,0.4841005,0.5194214,0.45808575,0.4991016,0.42176822,0.4535843,0.54741144,0.47527844,0.5293064,0.48884463,0.52806973,0.4778434,0.53189284,0.48494622,0.52734834,0.5099893,0.5183177,0.54113156,0.5115327,0.5101764,0.53324395,0.5364808,0.450051,0.52057827,0.47011492,0.5276845,0.4063277,0.45201865,0.46512663,0.4676657,0.51127845,0.5062268,0.49130464,0.46643853,0.45296016,0.44947526,0.4989912,0.4777423,0.49920088,0.44908223,0.53414327,0.44894716,0.526355,0.4748568,0.4854353,0.543385,0.47508943,0.5109042,0.53480613,0.5154732,0.4604891,0.516486,0.435132,0.4863415,0.47584137,0.46752152,0.4908211,0.5019163,0.43957394,0.4666412,0.47837493,0.75
0.53946763,0.5259807,0.5032889,0.4831044,0.48502913,0.46077755,0.50015223,0.41024026,0.45749623,0.5440295,0.4882089,0.5368797,0.5040535,0.49164256,0.47908106,0.52367264,0.49893963,0.5040557,0.53921187,0.53436625,0.5300743,0.48495266,0.5246787,0.5333987,0.51688504,0.46042806,0.52606374,0.4844113,0.4936842,0.397518,0.4404499,0.47199062,0.44369456,0.54170084,0.5252385,0.51261264,0.46935505,0.4681251,0.4781096,0.48376653,0.4901577,0.47175908,0.4874098,0.50737643,0.43586886,0.5606956,0.50010836,0.4762282,0.5362383,0.50168616,0.49808687,0.5562008,0.51707095,0.45237103,0.51120055,0.42899504,0.46323335,0.47665405,0.45238543,0.4687494,0.4748745,0.41264963,0.45630464,0.48681214,0.75
0.56652534,0.5368185,0.53272694,0.4907669,0.53193414,0.4443836,0.48866776,0.40643373,0.44964775,0.5560885,0.48541278,0.52951825,0.49294278,0.50655705,0.4762996,0.54654324,0.50808847,0.49298188,0.5392565,0.51962143,0.53150094,0.4871084,0.50169885,0.53186643,0.5303472,0.4785804,0.52894527,0.47107062,0.52903175,0.4340111,0.44992217,0.5002055,0.4869273,0.47927788,0.51419467,0.47685257,0.5008471,0.44553134,0.499254,0.50344956,0.4679622,0.50730807,0.45722097,0.5117522,0.4783976,0.51256853,0.46055973,0.5019998,0.5615142,0.5467495,0.5264839,0.5622779,0.53998166,0.5038873,0.50475836,0.40005538,0.4998933,0.42506915,0.3912845,0.4947288,0.49520257,0.41181815,0.43824178,0.49032956,0.0
0.5627884,0.52879435,0.5230695,0.47432622,0.51378083,0.47504848,0.48226246,0.43165523,0.44783753,0.5676477,0.47387904,0.5282,0.4741115,0.47827247,0.47381398,0.5344435,0.50579363,0.5168832,0.4972845,0.49780115,0.5223854,0.5162514,0.5056751,0.5110804,0.5229307,0.4527092,0.5239957,0.46103182,0.51268524,0.46535942,0.47287837,0.50995964,0.47563398,0.53383535,0.49278036,0.50880265,0.4771477,0.46539536,0.51014674,0.48240092,0.4839284,0.5118641,0.48301795,0.5193577,0.46157956,0.51098126,0.48028424,0.49229625,0.5454186,0.5070728,0.49051994,0.5489184,0.5001341,0.48064068,0.50573695,0.43123558,0.48020354,0.47519577,0.47958115,0.48417586,0.47721657,0.4290344,0.4627258,0.49453315,1.0
0.5346,0.5325009,0.5221357,0.47605464,0.5105445,0.4901722,0.47213614,0.44676885,0.438613,0.546371,0.49579927,0.51838636,0.49547237,0.5020234,0.46546698,0.52571005,0.49305207,0.4949657,0.5069302,0.50977623,0.5223222,0.50038075,0.5071907,0.48761567,0.52815795,0.4766995,0.5004893,0.4880153,0.48867583,0.4867072,0.48583007,0.5022426,0.48372716,0.52242625,0.5152669,0.52575505,0.4940564,0.47971213,0.5242392,0.48544452,0.46314538,0.4955217,0.4910458,0.5082486,0.46904814,0.5041243,0.47753745,0.47269234,0.5302165,0.5189561,0.49359807,0.53971237,0.48302126,0.50313675,0.4859845,0.40175104,0.48595357,0.45710117,0.46773052,0.462574,0.4867928,0.3933647,0.47275558,0.4930038,0.25
0.5587546,0.54086596,0.5001752,0.48621216,0.49042523,0.4620471,0.4864772,0.41300192,0.43447912,0.56252235,0.48153335,0.5265697,0.4771225,0.5169057,0.4691979,0.535137,0.48391333,0.5069517,0.52203035,0.52208656,0.5229016,0.49176094,0.4939099,0.50741553,0.53823775,0.4731391,0.49282384,0.47205666,0.49121866,0.3980756,0.4560608,0.4809937,0.4559494,0.54731613,0.5347346,0.4925159,0.46179575,0.46188095,0.4656601,0.47371832,0.47090372,0.46603113,0.46660125,0.54008377,0.44015554,0.5616386,0.4949196,0.45904788,0.55069137,0.5038993,0.51128775,0.5593986,0.52389747,0.45612612,0.522384,0.41372132,0.48657563,0.4772584,0.45045567,0.48268276,0.4786108,0.41307384,0.45014834,0.47510603,0.25
0.5672663,0.5274958,0.51690793,0.4834299,0.51956594,0.46561298,0.48515478,0.42473915,0.44610816,0.54818034,0.48591122,0.5194956,0.5048234,0.5054348,0.45529896,0.53286344,0.5003994,0.51912653,0.5188814,0.49012083,0.5206037,0.5010869,0.5030167,0.49938348,0.507281,0.49282935,0.49978504,0.48360723,0.5024264,0.43558097,0.46886268,0.4969299,0.47768235,0.54973364,0.5013576,0.5020828,0.48253915,0.47169828,0.48349068,0.508399,0.47293884,0.5026524,0.48136577,0.5252169,0.47191232,0.517561,0.47314128,0.47211608,0.53082365,0.51695764,0.5264093,0.56897867,0.5227719,0.48354334,0.5096891,0.39882955,0.476261,0.45106572,0.4260468,0.4647284,0.47745222,0.4136945,0.44883358,0.47518164,0.25
0.54476863,0.52131677,0.5157707,0.47533047,0.5092739,0.47812423,0.49229792,0.44684315,0.4672121,0.5360829,0.47528344,0.53549254,0.47274876,0.48466006,0.4829564,0.52513,0.5321761,0.49138927,0.516811,0.4895706,0.49758634,0.52542436,0.49071085,0.48087922,0.5167931,0.49213535,0.5186857,0.4655004,0.51364404,0.4581346,0.445562,0.5058145,0.46655208,0.5366255,0.5235024,0.48440674,0.44593388,0.47510734,0.47452936,0.49330866,0.47054267,0.4817514,0.46127057,0.52270806,0.4680557,0.5613714,0.4780661,0.4910435,0.52824146,0.46871978,0.51237446,0.52823645,0.51526046,0.47170058,0.49745232,0.44861162,0.5031879,0.48570105,0.48077694,0.49494794,0.50513875,0.47596416,0.4801932,0.5111067,0.25
0.5392143,0.52126795,0.5077554,0.4585624,0.51891613,0.46559882,0.49457344,0.42661715,0.43682048,0.53872055,0.49879712,0.5489149,0.5080859,0.52534056,0.46640322,0.54270625,0.49317726,0.4934123,0.5391219,0.5183597,0.5355794,0.4788502,0.48833412,0.48306015,0.5314655,0.48011038,0.5026485,0.481606,0.47506702,0.43000382,0.4324329,0.51204234,0.4782269,0.5457015,0.49255508,0.49263757,0.504338,0.47693405,0.5049634,0.48206702,0.4571862,0.4806422,0.4928253,0.50923705,0.4659086,0.5430884,0.46536362,0.49806762,0.55989313,0.5540167,0.5187015,0.5640441,0.52291584,0.49691147,0.5324344,0.4080164,0.47956243,0.42578587,0.42877957,0.49215177,0.47945327,0.43554088,0.42947438,0.4739416,0.75
0.5490307,0.5227592,0.5021993,0.4866285,0.50218415,0.465407,0.48133752,0.42173505,0.4478114,0.5493989,0.47687495,0.5328405,0.4735215,0.4940928,0.46429107,0.5249627,0.51403844,0.51405835,0.52616215,0.5290329,0.52013886,0.49786448,0.52578545,0.51177466,0.51839757,0.46936598,0.50187427,0.45533043,0.49023834,0.44417885,0.45962673,0.49082646,0.47437465,0.53203875,0.49783376,0.5090562,0.47890437,0.45975482,0.52197397,0.47471258,0.4713672,0.51412266,0.49969748,0.5155821,0.4681564,0.50782317,0.48816243,0.49887797,0.5712705,0.55633134,0.49726388,0.54691565,0.49568552,0.49670243,0.5232755,0.430757,0.48267925,0.45887792,0.45736444,0.48914132,0.47385383,0.41370422,0.43082768,0.49970445,0.25
0.5454125,0.5248773,0.5056279,0.4677746,0.5289874,0.46969405,0.50134313,0.44420782,0.46771938,0.54491055,0.48136613,0.5287458,0.48010617,0.4962446,0.49091452,0.5159867,0.5403601,0.50374454,0.5207796,0.48453447,0.51804864,0.5243062,0.49982393,0.5059932,0.5234848,0.47582245,0.51491094,0.44592008,0.5191506,0.46641085,0.43814287,0.49595362,0.46423042,0.5028541,0.5209171,0.49906635,0.4679464,0.46731555,0.49321988,0.4517427,0.47748792,0.49098366,0.44052643,0.50378025,0.45068774,0.53799605,0.479627,0.48643386,0.5269623,0.50203764,0.506665,0.5384642,0.5257936,0.47623667,0.49351805,0.44965404,0.49284795,0.49492934,0.46830976,0.4982609,0.50177014,0.4775982,0.46746176,0.5047125,0.25
0.5654153,0.54564273,0.5067939,0.4825242,0.50467247,0.47122112,0.49199763,0.4325499,0.4559883,0.5503885,0.4881206,0.5319725,0.46934712,0.51172847,0.46266308,0.53410214,0.4914389,0.5281255,0.50011986,0.5118561,0.5282581,0.50468063,0.49699932,0.505684,0.5257426,0.47483587,0.50549954,0.49080366,0.49243394,0.41696966,0.4703299,0.4858125,0.4813261,0.5530896,0.5235278,0.49578053,0.44906884,0.46550465,0.46384156,0.49335384,0.48854864,0.47593433,0.46462145,0.53472435,0.4365454,0.54607654,0.47655585,0.45410162,0.5389783,0.47485882,0.51796925,0.54916185,0.51537365,0.45433086,0.5225961,0.42490193,0.48864976,0.48763677,0.47809368,0.49261016,0.4890353,0.43338627,0.45456317,0.48580298,0.25
0.5655617,0.54505265,0.50825477,0.4817556,0.50718254,0.47088966,0.48879498,0.4331716,0.461482,0.5537239,0.4914919,0.5364346,0.47224262,0.51170003,0.46839228,0.53223103,0.49192053,0.52648175,0.5067455,0.5101849,0.5363519,0.5072577,0.497508,0.49982587,0.52458894,0.47612092,0.4995948,0.48220468,0.49301362,0.41719386,0.4638965,0.4834624,0.4858287,0.55036706,0.52250373,0.49605793,0.44887978,0.45984584,0.4678323,0.49060014,0.487663,0.47632584,0.4586336,0.5363156,0.43200183,0.5458181,0.47919062,0.45359877,0.5391732,0.4793263,0.51726514,0.5502083,0.51179934,0.4574486,0.52135223,0.4249067,0.4845253,0.48957685,0.4749913,0.48910886,0.49064794,0.43154338,0.45047545,0.48965833,0.5
0.56507987,0.53468245,0.50618523,0.47584313,0.5196985,0.46576002,0.4842301,0.4320653,0.45638946,0.5467291,0.481234,0.5325413,0.47576666,0.50143814,0.47204855,0.53981423,0.5104629,0.50535023,0.5212274,0.506323,0.5171577,0.49963874,0.4910074,0.4777494,0.52192104,0.48475242,0.49950686,0.46501017,0.47990194,0.45254987,0.46592924,0.5015814,0.4917201,0.5392159,0.5069357,0.49499112,0.48265257,0.46284372,0.48002747,0.49777827,0.48094836,0.5016864,0.46268964,0.5351776,0.44993964,0.5277761,0.45992163,0.46982905,0.5433377,0.48993027,0.5088287,0.53721154,0.5018693,0.47350577,0.519852,0.4270863,0.47699848,0.47024336,0.46125388,0.4909442,0.48693922,0.42476696,0.42488447,0.49266258,0.25
0.56641006,0.5486278,0.5016819,0.47104216,0.4994255,0.4655004,0.48538104,0.42225543,0.43150887,0.552999,0.47471866,0.5327302,0.47700983,0.51942456,0.47905713,0.55265915,0.49468988,0.5082293,0.51373154,0.51711065,0.5144095,0.50572777,0.49146715,0.48728353,0.5357018,0.4817333,0.5126651,0.47087178,0.4979481,0.43298048,0.47319892,0.50100434,0.48414877,0.52625155,0.5165587,0.48643583,0.4683897,0.45717505,0.47901052,0.49481827,0.48712906,0.49346223,0.46552604,0.52596134,0.4516554,0.5408779,0.47464684,0.4669005,0.54192436,0.50108856,0.5178095,0.5413411,0.49786058,0.47517046,0.5256245,0.43728966,0.48316428,0.4818172,0.46433556,0.50216204,0.4878311,0.43529558,0.42652532,0.4933907,0.75
0.5525893,0.52847904,0.5233431,0.4883,0.49984947,0.45757657,0.48479638,0.4240805,0.4523243,0.54205763,0.4689169,0.51572573,0.4800058,0.48276037,0.46701306,0.5130214,0.5360687,0.49272862,0.5231595,0.51131195,0.52052534,0.51745033,0.51813054,0.5018301,0.51642126,0.4698249,0.50091976,0.45315224,0.5077875,0.4698556,0.44825622,0.47196245,0.471348,0.53170955,0.50479627,0.5006639,0.47581372,0.46114358,0.53056777,0.47555378,0.46832526,0.5015381,0.50246584,0.518546,0.4660318,0.52706474,0.4849439,0.5004703,0.5456083,0.5192447,0.51013356,0.55867034,0.48797548,0.4869554,0.5054569,0.4216272,0.48536813,0.47357324,0.46612,0.469881,0.4966859,0.42777956,0.4580842,0.50743765,0.5
0.56447315,0.54483503,0.5009979,0.4853421,0.50066966,0.45764098,0.48499903,0.41997308,0.45263234,0.55913407,0.48657,0.5228546,0.4784086,0.51616156,0.47779098,0.53321713,0.5020959,0.51503307,0.52392167,0.5265305,0.5547981,0.4978379,0.5084297,0.48020488,0.5206036,0.48624465,0.4662465,0.44490907,0.48078945,0.41495615,0.42926118,0.47170216,0.48203355,0.5205397,0.5193587,0.48304725,0.46862778,0.43720007,0.4836001,0.48624918,0.47027326,0.47291723,0.43592852,0.55170065,0.44244787,0.55863893,0.48585942,0.45084298,0.5523953,0.53544533,0.51760507,0.56252974,0.50504476,0.4616194,0.530038,0.4100352,0.4673692,0.46688825,0.4284427,0.48188967,0.50001985,0.40056735,0.42182982,0.47983852,0.75
0.52733296,0.5201872,0.5233332,0.5090897,0.52989084,0.47362572,0.4729914,0.44310018,0.47133642,0.54190075,0.5061515,0.5275587,0.49261132,0.5289699,0.4707039,0.52232397,0.49078858,0.5066859,0.522163,0.5178863,0.53353286,0.50074625,0.499265,0.5391944,0.5632843,0.47772703,0.5408004,0.4951018,0.524663,0.44384107,0.4606342,0.48643178,0.48982778,0.49930468,0.52157724,0.4944831,0.48999783,0.45917216,0.4887305,0.4828593,0.44480026,0.50464934,0.4364245,0.52130044,0.4739001,0.5282924,0.45639005,0.46848428,0.54527813,0.5310641,0.51472783,0.52316993,0.51486623,0.49251604,0.49737135,0.43200332,0.49816245,0.42331895,0.43297708,0.47840428,0.4896017,0.41584897,0.4409109,0.496506,0.25
0.559577,0.5247096,0.5256462,0.46671763,0.51926136,0.46866003,0.4974252,0.42935574,0.4570693,0.55304,0.4846918,0.5304408,0.4890268,0.4880654,0.4810425,0.5431599,0.50344855,0.50806546,0.52314985,0.533519,0.5152491,0.4778647,0.49440265,0.50777674,0.52293986,0.47151035,0.5271023,0.5087549,0.48882794,0.43874422,0.47909316,0.49908596,0.48107994,0.5376306,0.50907195,0.494369,0.47836986,0.46479684,0.49958047,0.50533366,0.47906244,0.48682353,0.4854256,0.52445257,0.4659284,0.5346987,0.4618442,0.48299465,0.53270245,0.49580607,0.48998907,0.5319614,0.504162,0.45290273,0.49549663,0.44217488,0.46898305,0.46908394,0.4524603,0.47629818,0.48661944,0.4236688,0.45527422,0.48751783,0.75
0.5493872,0.52624875,0.500601,0.48686886,0.50980425,0.47088754,0.4820427,0.42067996,0.43800837,0.54799145,0.4956647,0.533801,0.5086687,0.50368077,0.4542434,0.5303164,0.48575604,0.50657713,0.53463674,0.5036248,0.52417487,0.4964336,0.49029917,0.48085275,0.51429456,0.5033462,0.4950442,0.47999725,0.48857003,0.42601463,0.46896031,0.50148773,0.48208696,0.53799504,0.51762605,0.48918572,0.47360885,0.46859896,0.48441094,0.50472796,0.46604243,0.47655746,0.4784162,0.5240023,0.46245927,0.5288705,0.50051236,0.47306114,0.5477643,0.5475051,0.5300226,0.55556566,0.522034,0.47536033,0.512661,0.3940848,0.48026168,0.4309906,0.421587,0.47172648,0.47959995,0.3981012,0.43423006,0.46492717,0.25
0.5633862,0.512273,0.533308,0.47025523,0.5505231,0.4471883,0.5034676,0.46107402,0.47269493,0.566365,0.5176499,0.54386955,0.46393427,0.4801898,0.46789014,0.53378916,0.48908272,0.51907074,0.49617937,0.5245432,0.5268407,0.5344673,0.5094577,0.529841,0.52709556,0.45627475,0.53036594,0.45487142,0.52485824,0.43818986,0.4674222,0.4657902,0.47767183,0.54033464,0.496308,0.543549,0.4855676,0.46404898,0.499707,0.4609938,0.46482867,0.51317245,0.47048914,0.5080851,0.4358053,0.50144863,0.46700594,0.5210309,0.5460538,0.5140705,0.50461245,0.5436673,0.5184104,0.48198056,0.5053276,0.44776735,0.50179166,0.49254796,0.44461387,0.53390235,0.50074697,0.4392549,0.44995314,0.514298,0.75
0.5688311,0.54123604,0.54518783,0.48392347,0.53581744,0.44682774,0.5023995,0.42077616,0.45509225,0.58305883,0.4968331,0.5431563,0.48633853,0.5128091,0.4790241,0.5232407,0.4995216,0.5095102,0.5085164,0.5156963,0.54046744,0.50418943,0.5065863,0.525298,0.5495062,0.4367094,0.53977823,0.458893,0.51912266,0.44645175,0.4625932,0.48402005,0.4903551,0.51766616,0.5010073,0.52123046,0.4894517,0.44914633,0.50969875,0.46352538,0.44883212,0.53108466,0.47949004,0.5295599,0.46960938,0.47932163,0.43089277,0.51326615,0.55405706,0.5221414,0.5074683,0.54713404,0.50453746,0.47433102,0.51090217,0.44604182,0.49418736,0.4609363,0.44072893,0.48495382,0.47913504,0.42579353,0.464367,0.48850065,0.5
0.5672353,0.5396396,0.5038949,0.47307014,0.5216089,0.46189436,0.48000214,0.42895487,0.44958872,0.5571287,0.47447705,0.53918475,0.47512555,0.5049521,0.47832787,0.54672647,0.5127946,0.5071758,0.52679706,0.50740325,0.51833487,0.5030633,0.48215848,0.47884288,0.5273098,0.48168764,0.5074834,0.46007255,0.48505902,0.43701416,0.46361214,0.50096864,0.48703557,0.541184,0.5091902,0.49903587,0.4776701,0.45706397,0.4849922,0.48855007,0.48261064,0.4995032,0.45753634,0.5290575,0.44232872,0.5286857,0.46216092,0.47076407,0.546415,0.4859695,0.513948,0.5441773,0.50750107,0.4745197,0.5258421,0.42269048,0.479899,0.46788278,0.45999548,0.50061345,0.49189472,0.42429188,0.41988388,0.48413196,0.25
0.54823077,0.5259499,0.5107791,0.46209663,0.50917953,0.47444558,0.48833418,0.42825958,0.43589625,0.5347655,0.48859522,0.5453261,0.46606213,0.51926035,0.4724368,0.53371036,0.49826148,0.5097951,0.51066,0.48948538,0.5135797,0.5102918,0.4950949,0.48385915,0.5399655,0.45928386,0.52406657,0.47042882,0.5013305,0.42181298,0.46612537,0.5074866,0.4795775,0.56244785,0.5178606,0.5068426,0.47824815,0.46503785,0.48702648,0.48091468,0.48133045,0.49238053,0.4644992,0.5150944,0.44068754,0.5314586,0.46898255,0.48054904,0.5432055,0.47698316,0.4974388,0.5324107,0.527376,0.47772267,0.5140028,0.4511282,0.49107194,0.48293972,0.4762709,0.5340074,0.48598522,0.46723136,0.44348982,0.4994748,0.5
0.5481072,0.5515197,0.5259631,0.47596374,0.49843746,0.4689868,0.47262576,0.45801145,0.42676374,0.5752522,0.4896919,0.51355684,0.4824434,0.50934756,0.47374734,0.5707405,0.47376704,0.53334624,0.5058939,0.50890946,0.5459903,0.5084871,0.4987618,0.49263558,0.5361264,0.44926658,0.55213284,0.4825458,0.503347,0.4630291,0.46033424,0.49329403,0.4837555,0.5511738,0.48603454,0.5603713,0.533107,0.45664552,0.5114058,0.4422476,0.44762397,0.5135669,0.4875531,0.5121164,0.45405778,0.49650627,0.42957997,0.50561386,0.57698965,0.5234706,0.5300145,0.5588774,0.50961936,0.46679822,0.5376349,0.41871002,0.5026317,0.4229918,0.42140296,0.50077826,0.52055264,0.42986673,0.4512698,0.49618512,0.25
0.56376356,0.5459534,0.5060792,0.48284164,0.4858045,0.4618858,0.4806695,0.4110103,0.42843482,0.56394434,0.47900903,0.52371985,0.48137152,0.5153207,0.4699242,0.5398159,0.47909874,0.5067735,0.51606286,0.52667135,0.5220408,0.4892887,0.48653933,0.51087594,0.54326034,0.47468242,0.4953468,0.47617045,0.49485257,0.39483202,0.46115154,0.4837191,0.45844033,0.5448073,0.53079194,0.4862647,0.4570893,0.45888034,0.46864644,0.474104,0.47237146,0.46477178,0.47380304,0.5471555,0.43813363,0.56441456,0.4960425,0.45866665,0.5557911,0.5125745,0.51408285,0.5585857,0.51828563,0.448804,0.51525325,0.41592672,0.48697108,0.4818217,0.45124733,0.47729805,0.47972116,0.41032463,0.45464668,0.4765508,0.75
0.55954266,0.5397948,0.5033787,0.47700372,0.50059956,0.46809152,0.49185166,0.41880506,0.44310984,0.5648416,0.49966434,0.53620857,0.47074053,0.5070825,0.46273258,0.5290168,0.480807,0.5096113,0.52199775,0.51704895,0.5316609,0.49332634,0.49698025,0.50005525,0.5389959,0.47306997,0.4900765,0.47588775,0.49221417,0.40216053,0.45725557,0.47793666,0.45842838,0.5610049,0.5353813,0.49808797,0.464299,0.45750397,0.46104506,0.47158337,0.46252844,0.4622427,0.4664753,0.5360528,0.43706843,0.57055175,0.49395466,0.45540413,0.55580676,0.49846122,0.51304126,0.5584553,0.521668,0.4565271,0.51856166,0.4086005,0.4905638,0.4774533,0.45861858,0.48182207,0.4790005,0.41482714,0.446263,0.47165334,0.25
0.5526336,0.52457356,0.51194745,0.4664213,0.499656,0.46313992,0.4952053,0.41423032,0.44845858,0.55042917,0.48103833,0.5402944,0.48410946,0.4853275,0.48971763,0.5403261,0.50795144,0.49718767,0.5446928,0.546367,0.5135458,0.4772153,0.5086284,0.52079827,0.5154722,0.46658292,0.51748204,0.48003978,0.47670493,0.41886264,0.43341362,0.4972184,0.469258,0.53441733,0.5049224,0.4845082,0.48127273,0.4560115,0.49608198,0.49270526,0.48534995,0.48495927,0.49399427,0.5062616,0.4669002,0.55024344,0.48979893,0.48897243,0.54573625,0.5323338,0.49193227,0.540114,0.5099333,0.4609139,0.51012754,0.43922022,0.46888664,0.46754956,0.4363979,0.475416,0.4847189,0.41109857,0.42563266,0.49936152,0.5
0.5509441,0.52458274,0.500708,0.469897,0.505364,0.46513277,0.48608,0.4130936,0.4432094,0.5544918,0.49113843,0.53775567,0.48128447,0.5117126,0.47825631,0.5373757,0.48212948,0.49692115,0.52685046,0.50954354,0.5156165,0.4784119,0.48616278,0.4905152,0.53389865,0.48241803,0.5024582,0.4717139,0.48586094,0.43136188,0.45422047,0.50405294,0.4692464,0.5499086,0.5193906,0.48858276,0.47757447,0.44559953,0.49259803,0.47906762,0.46384668,0.47407165,0.4897445,0.5361114,0.45534006,0.55399716,0.5009951,0.48071614,0.5722071,0.5175526,0.5009649,0.5482763,0.513707,0.47393993,0.5215085,0.4310373,0.48260736,0.458274,0.45788807,0.4988088,0.48623493,0.43802062,0.4190177,0.4826083,0.5
0.54865134,0.5219788,0.51070017,0.4655312,0.50627726,0.47103915,0.48793352,0.41914806,0.45809966,0.55075526,0.49004593,0.5429119,0.48780534,0.49173748,0.4863732,0.5332616,0.51184714,0.49678725,0.5306617,0.5362739,0.5120307,0.47607407,0.5060118,0.512242,0.51020014,0.4763804,0.5036238,0.48351306,0.47657865,0.436143,0.4358199,0.49145943,0.47484055,0.52567774,0.5048257,0.47788996,0.4815871,0.45765465,0.50242573,0.5000901,0.4850691,0.48881885,0.488632,0.52285504,0.47723788,0.5431291,0.480199,0.48915058,0.5460632,0.5324448,0.4903014,0.5377376,0.5029269,0.45705047,0.50868815,0.4362013,0.46494552,0.46690795,0.4323675,0.4737157,0.49473828,0.40398625,0.4204342,0.5039327,0.0
0.56656,0.5444729,0.5117488,0.4837525,0.5089877,0.4653559,0.49242023,0.42545477,0.45345828,0.5525729,0.48347935,0.5296843,0.4700529,0.5048614,0.45929167,0.5333888,0.49680364,0.52919674,0.50261414,0.5143942,0.52424943,0.50502956,0.49369228,0.50595623,0.5242579,0.47651595,0.5097505,0.49323478,0.49318823,0.41917133,0.4712194,0.48779324,0.4736688,0.5610085,0.51844573,0.495426,0.44894335,0.4723428,0.46430263,0.49413183,0.48492765,0.4790152,0.46588486,0.53612393,0.4413708,0.5415093,0.4709198,0.45842755,0.53979254,0.46781996,0.51590824,0.5530927,0.51984054,0.45098612,0.5227175,0.4220166,0.48889658,0.48249784,0.47592923,0.49152526,0.48414254,0.4306791,0.45755646,0.48060852,0.5
0.52296454,0.52788967,0.52619857,0.46773532,0.5251471,0.4624367,0.49835077,0.44555867,0.47115532,0.5511601,0.49667162,0.50795096,0.47523394,0.47838795,0.4786026,0.5233231,0.5286316,0.49600065,0.53198236,0.5345776,0.5131517,0.5027828,0.51003474,0.5360876,0.5101202,0.46473014,0.5161385,0.46438164,0.5037139,0.44544685,0.42956543,0.45576432,0.42494053,0.53417313,0.5262627,0.5002154,0.45682642,0.48165736,0.50144595,0.47732344,0.46582398,0.48905498,0.49040058,0.4930404,0.46477872,0.5292872,0.5110227,0.51514953,0.53146416,0.5342034,0.5248494,0.52743435,0.49218714,0.46275914,0.52396744,0.460667,0.4799383,0.48239502,0.44595072,0.53688633,0.5093115,0.43099675,0.4639421,0.52016383,0.25
0.5426249,0.5325863,0.51668775,0.47167876,0.51859325,0.47575974,0.48756763,0.4618965,0.45348632,0.57339746,0.4902848,0.52808315,0.4822059,0.5029234,0.4723637,0.5365056,0.48260713,0.55203843,0.48064384,0.50200945,0.53591514,0.51232976,0.5166886,0.52105755,0.525889,0.43103954,0.54321575,0.47313643,0.5244507,0.44861564,0.45443335,0.48638088,0.46685734,0.55744535,0.5054719,0.5628876,0.47097948,0.46887985,0.49904197,0.45795634,0.47609955,0.51404935,0.49789476,0.5094226,0.44225156,0.51016885,0.48498353,0.5229162,0.5416892,0.50055534,0.5170457,0.5572772,0.52780485,0.4557877,0.5071564,0.44271016,0.47584543,0.45790362,0.46470228,0.49919534,0.49063984,0.44842112,0.47537896,0.4962983,1.0
0.52714884,0.5250231,0.51713157,0.47813556,0.5192658,0.45442733,0.49198925,0.46122158,0.4361415,0.5658647,0.48018557,0.5260492,0.47941288,0.50386184,0.4784457,0.54470694,0.48751205,0.5398632,0.5016014,0.5311788,0.52724886,0.4910707,0.51497835,0.5283924,0.5284981,0.43661097,0.5237729,0.46268117,0.49983123,0.4417393,0.44779986,0.49627,0.44589174,0.54985034,0.51403105,0.54249406,0.4764248,0.4549275,0.5253642,0.45888177,0.46371287,0.5018545,0.5040211,0.50521535,0.46740776,0.50097746,0.48624146,0.54645026,0.5768233,0.54903543,0.517202,0.5297883,0.50702554,0.486573,0.5178195,0.45024866,0.48280227,0.4480239,0.4384233,0.51194084,0.49116802,0.43773082,0.4566959,0.5156846,0.75
0.5712497,0.54244196,0.52878934,0.46730632,0.5184173,0.48375443,0.4883956,0.4375116,0.44425154,0.5651855,0.498183,0.52378464,0.49010658,0.4943669,0.46091858,0.551228,0.5093264,0.504449,0.5062235,0.49566272,0.5082635,0.49318126,0.5084878,0.50363743,0.49973932,0.47900662,0.5096925,0.48468888,0.49584672,0.47822842,0.46198243,0.5170371,0.4811315,0.5390945,0.49067742,0.5163885,0.5026616,0.4716526,0.5070927,0.4850976,0.45854968,0.510718,0.4930904,0.5224292,0.46767932,0.500475,0.4543668,0.47841144,0.5493397,0.552364,0.51765174,0.54975474,0.5176567,0.5150578,0.51199406,0.40299165,0.48693773,0.45013478,0.42389524,0.48019767,0.48841387,0.4132395,0.44625685,0.4806528,0.0
0.5637209,0.5434013,0.50188714,0.48666885,0.48682037,0.45683447,0.48151165,0.40616128,0.42819652,0.5645194,0.47201854,0.5225795,0.47956738,0.5159817,0.4729728,0.5419912,0.48558387,0.5061007,0.5257821,0.53081524,0.5214565,0.49612355,0.4922808,0.5146326,0.54062533,0.4697088,0.49963063,0.46994558,0.49517846,0.38893652,0.4526287,0.48059613,0.4514843,0.54838413,0.5313121,0.49212158,0.4547944,0.46437678,0.4718391,0.47228205,0.47506943,0.47094518,0.46766737,0.53671134,0.4362885,0.5598774,0.495654,0.45814222,0.55256915,0.5080167,0.51455784,0.5610405,0.5227965,0.45655105,0.5259022,0.41480142,0.48664278,0.47744852,0.4502202,0.48604736,0.481828,0.41407433,0.4493067,0.47331464,0.75
0.570499,0.5462536,0.5287619,0.46164516,0.51672554,0.47545624,0.48417863,0.43138054,0.42170626,0.5666156,0.48557603,0.52142024,0.50059766,0.49431074,0.46259493,0.5569963,0.5128974,0.50402725,0.5089585,0.49381438,0.50644827,0.48540097,0.5062809,0.5051049,0.5070983,0.4827345,0.5073041,0.48052347,0.49101985,0.46851054,0.46009988,0.5236113,0.47990033,0.5375282,0.4898164,0.51800394,0.50814277,0.4661793,0.51042444,0.48369908,0.45618466,0.5077666,0.487786,0.5252427,0.4682236,0.5009222,0.45174378,0.48736042,0.54669887,0.5586329,0.5201969,0.55575,0.50919306,0.5139818,0.5214053,0.39282274,0.4835241,0.4375375,0.41733035,0.47850314,0.4917581,0.41007382,0.4428484,0.479542,0.25
0.55022407,0.53824407,0.5351862,0.4743095,0.52118677,0.46188903,0.49358213,0.45309907,0.43765607,0.5936138,0.49220854,0.5216905,0.4719415,0.48998225,0.47273797,0.5438458,0.49325982,0.5342951,0.48776954,0.51303864,0.53265566,0.51934296,0.5007448,0.5302027,0.53139204,0.42729655,0.5426946,0.46072137,0.5132353,0.4655314,0.45847076,0.4957698,0.46940002,0.5631283,0.48780528,0.56432074,0.478895,0.4462804,0.5163009,0.46654025,0.461124,0.5184063,0.49629185,0.51191956,0.46025154,0.5090947,0.48140976,0.52990294,0.5616439,0.51621634,0.51858896,0.54986835,0.5080996,0.46766034,0.5171004,0.43778697,0.49231485,0.44220176,0.4476839,0.5073049,0.5035934,0.44640565,0.47349447,0.5195913,0.75
0.56081164,0.5325403,0.49807325,0.47515693,0.51061475,0.47027546,0.48368368,0.43478602,0.44915417,0.5376629,0.48712656,0.53344995,0.47193146,0.5081817,0.47164813,0.5396219,0.4952704,0.5075688,0.51398724,0.50374395,0.5156634,0.50597394,0.49643168,0.47664842,0.5241372,0.48289725,0.50523835,0.4708818,0.48413286,0.4535862,0.473854,0.5002125,0.4914029,0.5363889,0.51508,0.4910891,0.47867095,0.45905024,0.4787924,0.4963242,0.4833939,0.49653152,0.4717695,0.5344629,0.4509122,0.53049594,0.48027816,0.46802676,0.539301,0.49512145,0.5135998,0.5366296,0.5030381,0.47820967,0.5250245,0.43747813,0.4811626,0.48040447,0.4752082,0.4968862,0.4887116,0.43758312,0.4273702,0.50003934,1.0
0.5544134,0.5291064,0.51354975,0.47936454,0.5066471,0.46979842,0.48317012,0.4292858,0.44108024,0.5699865,0.48971578,0.5291982,0.48166716,0.49316114,0.45440686,0.52460665,0.50377893,0.5249576,0.52373374,0.5254674,0.5398522,0.5004207,0.5209705,0.50145495,0.5243753,0.46534348,0.52186054,0.4575828,0.49621814,0.43081048,0.4539934,0.48040316,0.456899,0.54389596,0.5159116,0.49968013,0.4637211,0.4594738,0.5055609,0.47363096,0.46796575,0.4989714,0.49959412,0.5273009,0.4462095,0.534705,0.48696116,0.4807935,0.5669098,0.5248958,0.50411963,0.56009966,0.5242284,0.4673755,0.5127499,0.39724335,0.49302113,0.46365896,0.45402747,0.47000584,0.4880318,0.41524464,0.44564983,0.48553377,0.5
0.56007963,0.5424041,0.50374097,0.4832897,0.48739877,0.46987084,0.4890007,0.42123562,0.43737927,0.56040007,0.49315137,0.53083307,0.47795007,0.5154254,0.46462905,0.53236896,0.477907,0.50641143,0.5110406,0.5178268,0.5251188,0.48632878,0.49036077,0.50174403,0.5403539,0.47831544,0.48929983,0.479491,0.4920371,0.4027166,0.46481466,0.4829396,0.46212828,0.547223,0.53963315,0.4842322,0.46383545,0.45615086,0.4578527,0.4758516,0.4651717,0.46064827,0.47010717,0.5469657,0.4412874,0.56911546,0.49524316,0.45807296,0.55591166,0.5058559,0.5122579,0.5591169,0.5157668,0.45344508,0.51255274,0.41369352,0.48679075,0.48174676,0.45452198,0.4733274,0.47902045,0.4089527,0.45404583,0.4788769,0.25
0.55080837,0.5370859,0.511943,0.47619748,0.50632477,0.46979567,0.48977646,0.41410488,0.44658002,0.5594592,0.46886086,0.54876757,0.48626497,0.51352805,0.48269138,0.5418956,0.52078325,0.4716276,0.5437159,0.5202772,0.5195849,0.48871335,0.47614017,0.5032513,0.5429353,0.46096098,0.5314944,0.45450717,0.5163384,0.40089086,0.40891987,0.4862691,0.44907826,0.5351438,0.5259193,0.4823795,0.46810427,0.4684498,0.50225437,0.4374981,0.46280086,0.47244307,0.45934978,0.5084139,0.4559885,0.57707566,0.4925504,0.49694648,0.5530169,0.4791001,0.5115317,0.55602175,0.5262369,0.46942243,0.50879407,0.43022174,0.48720792,0.47636238,0.47413483,0.50767374,0.5072285,0.46637207,0.4556946,0.4748673,0.75
0.56588256,0.5408018,0.5113872,0.4709098,0.5262812,0.45988935,0.49928182,0.44649762,0.46199197,0.5509807,0.48388922,0.5234792,0.47266072,0.5002616,0.47139278,0.541414,0.495164,0.5396335,0.48995322,0.51562417,0.56351876,0.50583345,0.5027621,0.5171736,0.52000946,0.46953368,0.49315485,0.45792574,0.50585306,0.44067383,0.44074404,0.46948016,0.47038516,0.5582049,0.522228,0.5370161,0.42941257,0.46236235,0.46176758,0.47261238,0.476657,0.4975818,0.4496204,0.52912635,0.42313546,0.52023816,0.49073443,0.4824992,0.55673766,0.4985408,0.512141,0.5509145,0.5068993,0.4734108,0.51156616,0.44225946,0.47900057,0.47293615,0.43589124,0.52387637,0.51087284,0.43434063,0.44192687,0.5004574,0.5
0.54170376,0.5135906,0.5229685,0.46872357,0.5402605,0.42391846,0.50786936,0.44521266,0.443935,0.54646224,0.48634502,0.5346113,0.47733492,0.50847,0.47321722,0.5207389,0.4781489,0.4948483,0.50481963,0.55435,0.51324934,0.51572996,0.4972442,0.5120597,0.55145234,0.46703672,0.50362974,0.48271593,0.48048884,0.44166103,0.45912,0.4764898,0.46157464,0.53688943,0.5203569,0.5007226,0.47716385,0.47241986,0.47836927,0.4785697,0.44861078,0.49494222,0.45969337,0.5136338,0.46072206,0.51941216,0.4961146,0.50243926,0.5757571,0.55111986,0.53660953,0.5356595,0.5069184,0.4853025,0.51789016,0.43995228,0.49713153,0.47933024,0.43098047,0.5294813,0.49311858,0.4292339,0.4342387,0.5108918,1.0
0.54527146,0.52102107,0.5069831,0.46691915,0.49882802,0.46404845,0.49325654,0.41487816,0.45009553,0.54836357,0.48338658,0.5386915,0.48444742,0.48440742,0.48782903,0.5356785,0.5094623,0.49893942,0.5404569,0.5425605,0.5128084,0.4782392,0.5090269,0.5185357,0.5145246,0.47004744,0.5195324,0.48311624,0.47939295,0.4228269,0.43095222,0.49495786,0.47195926,0.53319013,0.50494087,0.4918873,0.48369285,0.45709345,0.49791354,0.48833176,0.48498172,0.48916945,0.49437928,0.5034232,0.46521658,0.54798204,0.49324328,0.49009368,0.54308474,0.53425413,0.49245682,0.5398248,0.5123024,0.46511728,0.5098319,0.4393358,0.46857342,0.4668305,0.43738574,0.47756782,0.48479453,0.4103695,0.42334375,0.5040777,0.25
0.5596898,0.52933913,0.49650538,0.47590628,0.5138766,0.46487325,0.4887735,0.43419823,0.45119298,0.5408929,0.47989553,0.53488326,0.4765336,0.5116576,0.47524413,0.5360765,0.5075047,0.50820786,0.52008635,0.5013619,0.5154677,0.50088173,0.4964765,0.4760992,0.5137998,0.4850608,0.49993524,0.46186075,0.47605985,0.456505,0.46661434,0.49984682,0.49535656,0.5358829,0.50826144,0.5015594,0.48687467,0.46173483,0.48317146,0.49151516,0.47827435,0.50372344,0.47162977,0.5323865,0.45105127,0.5261398,0.46545532,0.47488528,0.53961164,0.4946212,0.51114297,0.5372798,0.50742596,0.48592213,0.5259155,0.42845222,0.48031387,0.4753134,0.4635125,0.50027704,0.48886433,0.42640203,0.42158753,0.5067334,0.25
