0,1,2,3,4,5,6,7,8,9,10,11,12,13,14,15,0,1,2,3,4,5,6,7,8,9,10,11,12,13,14,15,0,1,2,3,4,5,6,7,8,9,10,11,12,13,14,15,num
0.5119827,0.50945055,0.50121397,0.45798638,0.46014324,0.5084354,0.5554453,0.4750344,0.5224358,0.52710146,0.5026002,0.4944254,0.5545316,0.48021495,0.46778056,0.47383615,0.5295097,0.49498832,0.47779042,0.50091785,0.52067924,0.47921202,0.47783798,0.5178526,0.50566196,0.4836674,0.47680578,0.49756527,0.49063826,0.4550476,0.52021515,0.5057675,0.20391089,0.0,0.0,0.15280768,0.0,0.0,0.0,0.0,0.0,0.0,0.120518394,0.0,0.0,0.37820402,0.0,0.24780713,0.0
0.5053012,0.5375286,0.463185,0.4303352,0.4360291,0.5416269,0.54809964,0.4476154,0.54441935,0.52981716,0.53127587,0.48861274,0.58776975,0.49395385,0.48516795,0.48442745,0.485549,0.50579953,0.48949334,0.57234335,0.45584002,0.46086177,0.48967233,0.50035036,0.5028009,0.44326228,0.49485958,0.5001284,0.5215293,0.45979258,0.54566914,0.47208378,0.6158235,0.0,0.0,0.5520688,0.0,0.0,0.0,0.0,0.0,0.0,0.28899318,0.0,0.0,1.4153494,0.0,0.8715141,0.75
0.51308066,0.5237834,0.48767507,0.4506426,0.46201274,0.51932245,0.541943,0.45591432,0.53944564,0.52730525,0.49514708,0.48771015,0.554235,0.4743789,0.47688016,0.4746662,0.5192357,0.5091257,0.47985828,0.50043386,0.5312339,0.48526362,0.47032687,0.5166824,0.5201539,0.48825878,0.45482612,0.48321363,0.48220176,0.4715161,0.53706646,0.48545966,0.30052346,0.0,0.0,0.2382062,0.0,0.0,0.0,0.0,0.0,0.0,0.1794626,0.0,0.0,0.7495015,0.0,0.49681363,0.5
0.5366601,0.51746607,0.50377804,0.46106625,0.46870226,0.53654987,0.5514513,0.5103486,0.51224905,0.53030217,0.5151776,0.48760757,0.5464088,0.47647443,0.4820199,0.46978587,0.45857933,0.5004284,0.50444007,0.56171143,0.48247316,0.47865134,0.51696116,0.52381706,0.5077028,0.46775928,0.5089745,0.4804805,0.48171276,0.44847545,0.52694154,0.5080877,0.30499214,0.0,0.0,0.26672882,0.0,0.0,0.0,0.0,0.0,0.0,0.14786257,0.0,0.0,0.76655567,0.0,0.36744428,0.5
0.5085583,0.5240496,0.48864338,0.45624822,0.4660744,0.5279345,0.54319865,0.4670577,0.53901005,0.52963305,0.49792922,0.4873152,0.5588813,0.47124633,0.46956816,0.47394735,0.51800406,0.515032,0.48507392,0.5005727,0.5295091,0.48305294,0.47569212,0.51892835,0.5182151,0.49186775,0.44620395,0.48512366,0.47873524,0.4547028,0.541423,0.48956278,0.27181885,0.0,0.0,0.24584137,0.0,0.0,0.0,0.0,0.0,0.0,0.1782661,0.0,0.0,0.67613316,0.0,0.45103356,0.5
0.50282764,0.5137519,0.48631695,0.4528223,0.46544537,0.5160997,0.52576536,0.4615185,0.5218424,0.5383162,0.50183374,0.47473547,0.55627346,0.48084858,0.46999782,0.48309165,0.48650187,0.5062132,0.49227655,0.51934505,0.49612376,0.49622154,0.50877523,0.5071477,0.5083676,0.5006333,0.4815898,0.49019837,0.49191773,0.47287476,0.50240076,0.4966958,0.6364575,0.0,0.0,0.5366097,0.0,0.0,0.0,0.0,0.0,0.0,0.31890863,0.0,0.0,1.5333453,0.0,0.96987295,0.25
0.5103375,0.5198597,0.50010896,0.45772636,0.48197752,0.5364944,0.5408875,0.47568035,0.52630264,0.5147929,0.49399453,0.49144918,0.5656615,0.44618475,0.4612031,0.47969198,0.51894623,0.5083837,0.48620805,0.5145531,0.51347315,0.4845941,0.4985862,0.5276513,0.5041301,0.5010655,0.4755899,0.49791247,0.4814455,0.4577114,0.533431,0.4940878,0.28948954,0.0,0.0,0.2724913,0.0,0.0,0.0,0.0,0.0,0.0,0.17587861,0.0,0.0,0.73700166,0.0,0.4910443,0.5
0.50680244,0.5370653,0.44703647,0.45885104,0.46065924,0.53282374,0.53816724,0.4575882,0.52238953,0.5094762,0.53443444,0.47140172,0.56943536,0.49460346,0.5052079,0.5105862,0.4976749,0.49366614,0.4956505,0.55396134,0.47328478,0.4947458,0.51640433,0.5115819,0.48209462,0.48779258,0.5017443,0.4994047,0.48548406,0.44912937,0.5064408,0.5057485,0.6332724,0.0,0.0,0.5690826,0.0,0.0,0.0,0.0,0.0,0.0,0.26817042,0.0,0.0,1.5126663,0.0,0.90963155,0.75
0.5061473,0.5261171,0.48631847,0.42376244,0.4327434,0.54609174,0.54878044,0.4525325,0.53707826,0.563305,0.5029443,0.47046778,0.5804591,0.4901853,0.4678917,0.4756146,0.5019665,0.51322854,0.5003269,0.5549476,0.47144628,0.49666637,0.5103874,0.5089276,0.51970494,0.45628238,0.50818026,0.50194645,0.51716477,0.4693318,0.5282376,0.46467537,0.52929103,0.0,0.0,0.4601915,0.0,0.0,0.0,0.0,0.0,0.0,0.30388483,0.0,0.0,1.2302986,0.0,0.79445297,0.75
0.5206046,0.5026085,0.4768992,0.4514321,0.4700789,0.5280836,0.5420918,0.50152904,0.55305576,0.52777416,0.5137499,0.4824615,0.5656879,0.45330262,0.47325164,0.49294785,0.4826323,0.5117151,0.47515514,0.5325035,0.49012953,0.4965663,0.5196434,0.51392245,0.4984398,0.4802124,0.51216274,0.508569,0.4810193,0.46085498,0.5219246,0.48335388,0.4103545,0.0,0.0,0.34217966,0.0,0.0,0.0,0.0,0.0,0.0,0.21392299,0.0,0.0,1.0530815,0.0,0.57578313,0.75
0.5135231,0.48080453,0.49957132,0.45678535,0.47636974,0.5150463,0.5407102,0.49082768,0.5247359,0.5120668,0.49241474,0.51025677,0.54189754,0.47580823,0.48324028,0.49110144,0.49011517,0.4939107,0.48330468,0.51185745,0.507934,0.49633986,0.48241055,0.52966636,0.5227086,0.48265296,0.4660273,0.48720503,0.48415297,0.48070574,0.522051,0.5084826,0.31967968,0.0,0.0,0.2574276,0.0,0.0,0.0,0.0,0.0,0.0,0.18776882,0.0,0.0,0.7691058,0.0,0.41566166,0.0
0.5111797,0.5123164,0.4913119,0.45809358,0.47897163,0.53111565,0.5291293,0.47906148,0.5182967,0.5477578,0.51016396,0.4904425,0.5376257,0.50809425,0.4721777,0.48264334,0.4774574,0.5062881,0.45861956,0.52406263,0.51168,0.4829034,0.51438314,0.5238629,0.5264176,0.48921108,0.47937253,0.46932885,0.4761884,0.4738873,0.526577,0.49038655,0.42810118,0.0,0.0,0.37635037,0.0,0.0,0.0,0.0,0.0,0.0,0.3032121,0.0,0.0,0.9897561,0.0,0.648194,0.0
0.503107,0.52675927,0.48081163,0.47399575,0.46905825,0.5270563,0.5206933,0.46032184,0.51405436,0.5082674,0.5012095,0.4988335,0.5455295,0.4948361,0.47802427,0.49695602,0.4919652,0.5031391,0.4845243,0.5221394,0.49355128,0.4954778,0.4945989,0.49833995,0.5022487,0.48852602,0.46699435,0.49738497,0.5024525,0.47045752,0.52356005,0.49621955,0.38699907,0.0,0.0,0.30500227,0.0,0.0,0.0,0.0,0.0,0.0,0.18145595,0.0,0.0,0.8846667,0.0,0.5964768,0.5
0.5029472,0.5224613,0.48044696,0.45915097,0.47074595,0.5266159,0.5274929,0.4678197,0.5291717,0.5371486,0.5095873,0.48449862,0.5551572,0.47615454,0.4743665,0.48906395,0.48650032,0.5039596,0.49584314,0.52790934,0.49773428,0.50399953,0.504937,0.5114368,0.5025197,0.498205,0.47499338,0.49355417,0.488393,0.47013056,0.50510997,0.5039267,0.65871525,0.0,0.0,0.581794,0.0,0.0,0.0,0.0,0.0,0.0,0.32721502,0.0,0.0,1.5768018,0.0,0.9994143,0.5
0.52427775,0.50046027,0.4753362,0.45258948,0.46521166,0.5126442,0.5373097,0.4734954,0.55756664,0.5671464,0.50563705,0.4739993,0.57571757,0.47627267,0.48180467,0.4893653,0.4866145,0.52046293,0.477441,0.52033615,0.50037193,0.48753738,0.5038636,0.51379466,0.5155155,0.4677673,0.49690387,0.49541837,0.50597894,0.4609721,0.53857726,0.49208593,0.18047696,0.0,0.0,0.15611541,0.0,0.0,0.0,0.0,0.0,0.0,0.083877034,0.0,0.0,0.40662715,0.0,0.22489396,0.25
0.49242088,0.5229507,0.48844784,0.44442075,0.46008527,0.5324025,0.5386956,0.45744386,0.51005065,0.54771954,0.49227273,0.48042217,0.55833715,0.49067494,0.45227835,0.47905597,0.50802195,0.48880392,0.48545867,0.513986,0.5019117,0.49607372,0.48450392,0.5037375,0.51478773,0.49086183,0.4654417,0.5051509,0.5116189,0.47702405,0.5055682,0.49923328,0.5392959,0.0,0.0,0.49742353,0.0,0.0,0.0,0.0,0.0,0.0,0.34693,0.0,0.0,1.2589074,0.0,0.849055,0.75
0.509271,0.5246164,0.4918491,0.45590657,0.46518207,0.51818305,0.54221433,0.45622006,0.53918326,0.5343796,0.49618083,0.48607138,0.5543675,0.47409356,0.46497816,0.4772003,0.5129194,0.5107062,0.48361182,0.49734885,0.5266695,0.48709616,0.47246593,0.5102524,0.5242113,0.49283186,0.44938177,0.48031223,0.4795011,0.4628941,0.52835935,0.48764193,0.3246744,0.0,0.0,0.23625754,0.0,0.0,0.0,0.0,0.0,0.0,0.19278623,0.0,0.0,0.8232784,0.0,0.5394004,0.25
0.50300896,0.5197038,0.4803146,0.46205536,0.47338337,0.52782005,0.5286904,0.46830863,0.5286926,0.53904134,0.508348,0.48426312,0.55316895,0.4771854,0.47315934,0.48733097,0.49112934,0.50208104,0.49672237,0.52624714,0.49695212,0.5006563,0.50376165,0.5090366,0.5040587,0.4942328,0.47672388,0.49611756,0.4876958,0.46832013,0.50929576,0.5061919,0.6235968,0.0,0.0,0.5551842,0.0,0.0,0.0,0.0,0.0,0.0,0.31004208,0.0,0.0,1.5029188,0.0,0.959759,0.5
0.52551776,0.5178948,0.5203471,0.45602953,0.470505,0.5174025,0.5182266,0.4979243,0.5071156,0.50536937,0.5001905,0.49028203,0.54836977,0.4881529,0.4888371,0.48179206,0.50140226,0.48958054,0.4841262,0.5509909,0.51057863,0.50866205,0.49152568,0.51380473,0.4754016,0.49705985,0.45833308,0.49399653,0.50847757,0.46864775,0.53518647,0.49968663,0.091781795,0.0,0.0,0.075953424,0.0,0.0,0.0,0.0,0.0,0.0,0.057419445,0.0,0.0,0.08431388,0.0,0.0,0.5
0.5013152,0.52872175,0.47640228,0.48360237,0.47716293,0.5380886,0.5178238,0.48525146,0.5399602,0.52676463,0.52094233,0.489046,0.55052274,0.4790119,0.476663,0.5000627,0.48552793,0.5134015,0.48906866,0.5018925,0.4966776,0.49276465,0.5153511,0.5255793,0.528217,0.48490587,0.4760468,0.47895443,0.459688,0.4634102,0.527693,0.50359565,0.42319268,0.0,0.0,0.3168931,0.0,0.0,0.0,0.0,0.0,0.0,0.20619255,0.0,0.0,0.99339664,0.0,0.60084206,0.5
0.5028989,0.5188182,0.4816654,0.45784748,0.47167975,0.526041,0.529558,0.46998754,0.5274178,0.53530455,0.50592005,0.49123785,0.55329937,0.47273093,0.47295713,0.4886499,0.4889588,0.5054148,0.49672845,0.52879673,0.49709058,0.5046024,0.5089125,0.5126189,0.49905744,0.49916047,0.47895226,0.4963749,0.48679423,0.4698709,0.50421983,0.5027047,0.6511271,0.0,0.0,0.5780431,0.0,0.0,0.0,0.0,0.0,0.0,0.3227985,0.0,0.0,1.5431918,0.0,0.98611414,0.5
0.5059723,0.51034576,0.49767965,0.43868718,0.44411185,0.53861785,0.54883075,0.46354294,0.5452744,0.54603064,0.5228148,0.4842014,0.5633856,0.47867385,0.46527755,0.4701197,0.4900358,0.5262559,0.48643878,0.5307666,0.4953047,0.47121662,0.49989212,0.52403224,0.5306261,0.4612669,0.48560396,0.47832143,0.48377463,0.45761442,0.54644674,0.4761973,0.26941964,0.0,0.0,0.20709293,0.0,0.0,0.0,0.0,0.0,0.0,0.1472266,0.0,0.0,0.62604135,0.0,0.41261643,0.5
0.51169586,0.542533,0.48076433,0.43580022,0.4494978,0.5306301,0.552158,0.4600171,0.51273763,0.5672679,0.52075577,0.4846073,0.5736053,0.48500142,0.47841594,0.48082462,0.4886012,0.52163637,0.48172554,0.5526089,0.470122,0.48628175,0.5239584,0.5006528,0.5238159,0.4472252,0.50011456,0.48946878,0.5193004,0.47126016,0.5340673,0.47680515,0.73796326,0.0,0.0,0.6525053,0.0,0.0,0.0,0.0,0.0,0.0,0.42203957,0.0,0.0,1.7884004,0.0,1.1221533,0.5
0.5073324,0.51886046,0.4998803,0.45127445,0.457517,0.52459365,0.54132503,0.47821313,0.5275192,0.54468256,0.4976763,0.4876454,0.5405594,0.4993495,0.46971363,0.48365164,0.50667804,0.5116961,0.48667723,0.52786505,0.51252013,0.49916843,0.49953562,0.5156245,0.52164984,0.48606893,0.4778618,0.48384652,0.4765759,0.46534464,0.5244538,0.4828842,0.18577439,0.0,0.0,0.107722744,0.0,0.0,0.0,0.0,0.0,0.0,0.102258764,0.0,0.0,0.42204326,0.0,0.3115184,0.0
0.5324701,0.511804,0.48878235,0.46364838,0.45422226,0.53069,0.51746345,0.4702278,0.53773826,0.5275557,0.48720607,0.4790304,0.5909375,0.47072017,0.47780153,0.46925664,0.49797752,0.4867018,0.47801363,0.5137269,0.52449214,0.49112463,0.48076195,0.50926596,0.51212656,0.50276405,0.4516864,0.47989765,0.48805872,0.46624494,0.5287853,0.5012629,0.58894455,0.0,0.0,0.45772213,0.0,0.0,0.0,0.0,0.0,0.0,0.35087162,0.0,0.0,1.4059186,0.0,0.89159304,0.25
0.5017849,0.544282,0.47383875,0.4580341,0.46263868,0.53154314,0.53098357,0.4571876,0.5268093,0.5089772,0.5198357,0.4907935,0.54963243,0.49177375,0.48819792,0.5006844,0.48970404,0.5091896,0.49593186,0.5131295,0.4905775,0.49589342,0.51866585,0.5178055,0.5146009,0.4985864,0.478804,0.49494472,0.46395844,0.47195408,0.499892,0.50180995,0.67002696,0.0,0.0,0.5621755,0.0,0.0,0.0,0.0,0.0,0.0,0.3168077,0.0,0.0,1.5244895,0.0,1.0026499,0.75
0.5168382,0.52097946,0.4890692,0.47263068,0.4619053,0.5587673,0.5604112,0.51215464,0.5124641,0.5261811,0.5210352,0.47155115,0.55432725,0.4833391,0.47539768,0.4650845,0.46151984,0.51456124,0.48098,0.5347168,0.48734063,0.48589587,0.52321064,0.5333645,0.514548,0.486127,0.4908622,0.47878146,0.4763527,0.46550727,0.54053277,0.4915318,0.48126394,0.0,0.0,0.4075197,0.0,0.0,0.0,0.0,0.0,0.0,0.20137064,0.0,0.0,1.1086478,0.0,0.60096955,0.75
0.51461196,0.5269114,0.48548442,0.47986588,0.4564519,0.5364759,0.53306603,0.47430563,0.4995329,0.51620656,0.50892746,0.4808569,0.55646825,0.50016904,0.4952304,0.46723822,0.49704823,0.50319755,0.5028084,0.5389542,0.4899668,0.48572358,0.49385908,0.50594527,0.48050967,0.4883685,0.4788619,0.49226958,0.50708175,0.45340616,0.52869207,0.4696478,0.44819784,0.0,0.0,0.3501249,0.0,0.0,0.0,0.0,0.0,0.0,0.2316387,0.0,0.0,1.041622,0.0,0.5240686,0.25
0.5140913,0.5272522,0.46211398,0.46679926,0.46131662,0.532529,0.51909244,0.47061232,0.5500441,0.50575525,0.5303116,0.46846294,0.5577745,0.48083255,0.49242184,0.5090331,0.50386435,0.49681145,0.499626,0.5292051,0.4948561,0.4860679,0.50612086,0.5165355,0.49554908,0.4861241,0.48164004,0.48958477,0.4818925,0.46584392,0.5195052,0.50190264,0.4255907,0.0,0.0,0.344574,0.0,0.0,0.0,0.0,0.0,0.0,0.1790873,0.0,0.0,1.0531266,0.0,0.60666764,0.25
0.5046089,0.506701,0.50739574,0.45135832,0.48156482,0.5066247,0.51338214,0.487339,0.5400317,0.5219337,0.50228155,0.5086514,0.56248134,0.4817838,0.46769112,0.48716128,0.49181023,0.49851173,0.48501474,0.52266407,0.49975798,0.50375277,0.50626796,0.5117667,0.49834615,0.48704344,0.47555462,0.5000346,0.5044925,0.49144277,0.51874316,0.49152017,0.24599065,0.0,0.0,0.11713271,0.0,0.0,0.0,0.0,0.0,0.0,0.1049478,0.0,0.0,0.58460355,0.0,0.25427288,0.25
0.5205379,0.52173954,0.48516837,0.47232634,0.45619836,0.5143584,0.53172183,0.44276693,0.51182777,0.5340137,0.49097335,0.48766905,0.5552501,0.48383048,0.48887736,0.48513535,0.50646013,0.4945921,0.48864597,0.5197501,0.5025955,0.48925722,0.48700774,0.49311507,0.5020073,0.494707,0.45491058,0.4932185,0.5085439,0.47169995,0.5183087,0.4934257,0.7087833,0.0,0.0,0.61975896,0.0,0.0,0.0,0.0,0.0,0.0,0.40488482,0.0,0.0,1.6461608,0.0,1.0584846,0.25
0.5025712,0.5069671,0.49975172,0.44816974,0.46614686,0.51681024,0.54136825,0.48317638,0.5094449,0.5254668,0.5185602,0.48412973,0.5435237,0.49891168,0.48808202,0.4743821,0.48929286,0.50183266,0.5004052,0.52048695,0.49626416,0.4980844,0.4953505,0.49659503,0.49421248,0.5052379,0.48511994,0.4972076,0.49988812,0.48374578,0.4937094,0.48619384,0.3772765,0.0,0.0,0.3379487,0.0,0.0,0.0,0.0,0.0,0.0,0.21709335,0.0,0.0,0.7523505,0.0,0.49624103,0.25
0.49737093,0.52551365,0.4752835,0.45193285,0.45889133,0.5499637,0.5469392,0.477421,0.5157566,0.52254355,0.51255697,0.49625713,0.5591882,0.48416224,0.47812778,0.48267925,0.49423066,0.5033175,0.4750459,0.5307744,0.48675427,0.49402437,0.5206418,0.5118853,0.50186604,0.4928743,0.4902302,0.50603014,0.48434684,0.47187406,0.5252774,0.5040275,0.5405121,0.0,0.0,0.4116578,0.0,0.0,0.0,0.0,0.0,0.0,0.27606958,0.0,0.0,1.319924,0.0,0.7907702,0.75
0.51944524,0.55114233,0.48985967,0.46509418,0.45848885,0.53823185,0.54470867,0.4851895,0.49348107,0.5329508,0.5117362,0.48216933,0.5494105,0.49863842,0.4678532,0.44851756,0.4921981,0.5030775,0.4899571,0.54482144,0.47927088,0.47836787,0.4999603,0.52922493,0.5098125,0.49951565,0.48585442,0.48269635,0.47366795,0.46023327,0.5022208,0.50836486,0.5419537,0.0,0.0,0.49758962,0.0,0.0,0.0,0.0,0.0,0.0,0.28370616,0.0,0.0,1.1770142,0.0,0.69869506,0.75
0.51030874,0.5056589,0.50351983,0.44073698,0.45634365,0.5291501,0.5569709,0.4588194,0.532207,0.54271364,0.51665485,0.49064296,0.5531783,0.4815861,0.47455224,0.4736725,0.4905145,0.5196538,0.485191,0.5392276,0.49029118,0.47237647,0.49587515,0.5207232,0.5296892,0.4591544,0.48897603,0.4876841,0.48869658,0.47244564,0.5421232,0.4687079,0.28497505,0.0,0.0,0.17402036,0.0,0.0,0.0,0.0,0.0,0.0,0.15158735,0.0,0.0,0.6892816,0.0,0.41366974,0.25
0.5049238,0.51863587,0.48117372,0.45407546,0.46700108,0.51935196,0.52920663,0.46228153,0.5255953,0.54041165,0.5018939,0.47856274,0.55744374,0.47670642,0.4744999,0.48386273,0.4891685,0.50411177,0.4926951,0.5241372,0.498886,0.50061584,0.50653225,0.51066345,0.5004979,0.5002083,0.47968593,0.49379918,0.49519172,0.47728345,0.5033467,0.49738973,0.63570154,0.0,0.0,0.55496025,0.0,0.0,0.0,0.0,0.0,0.0,0.31312776,0.0,0.0,1.522996,0.0,0.9596425,0.25
0.5018627,0.50879407,0.50036573,0.4618528,0.46508807,0.53259295,0.5354875,0.47043675,0.5235319,0.5466706,0.51262033,0.4790991,0.54360205,0.4800133,0.4694528,0.47489673,0.5135347,0.51557887,0.48603934,0.5080986,0.52050763,0.49876535,0.47348428,0.5082981,0.51507485,0.4806647,0.46570697,0.48909253,0.49216077,0.4557963,0.5251145,0.48135662,0.12503944,0.0,0.0,0.12366368,0.0,0.0,0.0,0.0,0.0,0.0,0.13760522,0.0,0.0,0.2384516,0.0,0.17515741,0.25
0.51777583,0.5485952,0.47748563,0.4557522,0.4594531,0.53893226,0.53808963,0.45508862,0.52055854,0.54982084,0.5276764,0.48508358,0.5607613,0.4921483,0.48368374,0.4749883,0.4599552,0.51347995,0.4828829,0.55833155,0.47576013,0.47342247,0.52677983,0.5129748,0.5201451,0.47039744,0.48844042,0.48205948,0.49288166,0.45573297,0.53448755,0.47512192,0.7742035,0.0,0.0,0.6560167,0.0,0.0,0.0,0.0,0.0,0.0,0.43279666,0.0,0.0,1.8276929,0.0,1.1765026,0.25
0.4938597,0.5295022,0.48338097,0.45057505,0.454251,0.5307429,0.54010034,0.45257458,0.51782906,0.5546007,0.4922266,0.48757952,0.56164706,0.48747563,0.45820683,0.46652022,0.514489,0.49451715,0.49023944,0.5164675,0.5039909,0.5043497,0.4783252,0.5047373,0.5127183,0.4849225,0.45942754,0.50105953,0.5153147,0.4905536,0.50958955,0.4923962,0.56423414,0.0,0.0,0.51615405,0.0,0.0,0.0,0.0,0.0,0.0,0.34308916,0.0,0.0,1.3113493,0.0,0.88139063,0.25
0.50980186,0.48434052,0.4811461,0.4608983,0.4951805,0.5102068,0.5178018,0.49293596,0.54526734,0.5331447,0.501982,0.49793798,0.55788314,0.45626837,0.46330568,0.49450797,0.49416608,0.5100675,0.49410373,0.5113677,0.51041365,0.49899894,0.49671862,0.5131184,0.51637256,0.4911609,0.4736208,0.48642147,0.47601622,0.4736979,0.5139909,0.5013304,0.39719918,0.0,0.0,0.31569743,0.0,0.0,0.0,0.0,0.0,0.0,0.19389379,0.0,0.0,1.021596,0.0,0.5682401,0.5
0.5076403,0.53126764,0.47636935,0.4839531,0.47735927,0.53166294,0.51631004,0.48088843,0.54088724,0.5256082,0.51853144,0.4881445,0.54955274,0.4791663,0.47809404,0.49889264,0.48534948,0.5117935,0.48921037,0.5028598,0.49971738,0.4897718,0.51294285,0.5264395,0.52879983,0.48266152,0.4774226,0.4818334,0.45944205,0.47186944,0.5255188,0.5010258,0.46249652,0.0,0.0,0.32142445,0.0,0.0,0.0,0.0,0.0,0.0,0.20940834,0.0,0.0,1.0885284,0.0,0.64754,0.25
0.5226752,0.5306507,0.47069424,0.43006885,0.4447055,0.5452131,0.5464122,0.46840966,0.5502436,0.54966193,0.5061544,0.48949364,0.5851302,0.47349524,0.48472154,0.48556027,0.48585585,0.50925404,0.49316117,0.5440373,0.46407023,0.4965619,0.53916776,0.5195744,0.49776176,0.47439238,0.51168203,0.5011976,0.4920446,0.46118093,0.5140656,0.48723894,0.6079348,0.0,0.0,0.548555,0.0,0.0,0.0,0.0,0.0,0.0,0.30966324,0.0,0.0,1.4358628,0.0,0.89867085,0.75
0.5268696,0.52470875,0.48864493,0.48909527,0.4761603,0.5292045,0.53133273,0.48875982,0.52755976,0.5368497,0.5218041,0.47200772,0.5409952,0.48861012,0.46981743,0.4805529,0.47557256,0.5184941,0.48984286,0.5242724,0.49521178,0.4889081,0.5086217,0.52451146,0.52256,0.49065974,0.46782726,0.4682768,0.4605884,0.4556309,0.5189999,0.49673304,0.4025912,0.0,0.0,0.34556755,0.0,0.0,0.0,0.0,0.0,0.0,0.18252039,0.0,0.0,1.0234913,0.0,0.5385779,0.5
0.52862525,0.48753822,0.4774039,0.43207693,0.4418081,0.54742306,0.56055707,0.47680008,0.54851943,0.5483446,0.49871564,0.4878623,0.5775888,0.46407157,0.47807065,0.5015229,0.4873776,0.5177168,0.45700365,0.53779066,0.49076098,0.48756158,0.505871,0.5154463,0.5128307,0.4714803,0.49635002,0.4925085,0.51588374,0.49830773,0.54586214,0.4809932,0.3365335,0.0,0.0,0.25654286,0.0,0.0,0.0,0.0,0.0,0.0,0.16054542,0.0,0.0,0.73459065,0.0,0.41632915,0.75
0.5259635,0.5141244,0.46504566,0.4523539,0.4663063,0.5298955,0.5402753,0.46493995,0.5608425,0.5290168,0.52117807,0.49501607,0.56395906,0.48164234,0.4915501,0.49577585,0.4736344,0.5213748,0.48373058,0.5383518,0.48585916,0.4776392,0.53288156,0.52854884,0.5238242,0.47861132,0.5006189,0.48516303,0.4762718,0.46728617,0.52425444,0.4883363,0.36978674,0.0,0.0,0.30770972,0.0,0.0,0.0,0.0,0.0,0.0,0.18426616,0.0,0.0,0.88326,0.0,0.526168,0.5
0.5304934,0.5225463,0.4625865,0.45730376,0.4744783,0.5306815,0.5387329,0.47481754,0.54593974,0.5484703,0.52111655,0.48701343,0.56210446,0.48674756,0.4889048,0.49527165,0.48075786,0.50958705,0.4786537,0.5477184,0.4774062,0.48538256,0.5271076,0.52492994,0.5119129,0.48528183,0.505141,0.4921598,0.4885389,0.46250266,0.52688277,0.49717188,0.29105672,0.0,0.0,0.25845352,0.0,0.0,0.0,0.0,0.0,0.0,0.15012996,0.0,0.0,0.7237953,0.0,0.4058171,0.25
0.5010585,0.533762,0.45528242,0.46516812,0.4553675,0.5393473,0.537263,0.45626715,0.5118278,0.50614524,0.5288194,0.491588,0.56744725,0.49331382,0.49990934,0.50492007,0.49492428,0.48910052,0.5008978,0.5486763,0.48136535,0.49773222,0.49946406,0.49960446,0.47433275,0.48202944,0.47389504,0.50947195,0.5210874,0.46193123,0.52721345,0.4877125,0.52399015,0.0,0.0,0.47023153,0.0,0.0,0.0,0.0,0.0,0.0,0.2531281,0.0,0.0,1.2475063,0.0,0.7320043,0.75
0.51501036,0.50157166,0.49318728,0.4533025,0.46409035,0.5194671,0.53494966,0.46861374,0.53922015,0.5294996,0.52750176,0.47487673,0.5514043,0.49082237,0.48731655,0.49280557,0.48517638,0.49091712,0.48080674,0.51902986,0.49622387,0.49370685,0.52377594,0.4810738,0.4861304,0.5266859,0.48363364,0.5001993,0.50058526,0.46376508,0.4831416,0.49302945,0.44046074,0.0,0.0,0.4268666,0.0,0.0,0.0,0.0,0.0,0.0,0.2424359,0.0,0.0,1.0584549,0.0,0.68814397,0.5
0.5123673,0.50487643,0.49748793,0.4663728,0.4733861,0.5286892,0.5386823,0.48459384,0.5230169,0.50715375,0.4975963,0.5009062,0.54518205,0.475011,0.487548,0.4829726,0.49303555,0.4904739,0.48437744,0.510092,0.5068531,0.47299135,0.48929402,0.52209175,0.5301988,0.49148443,0.4745467,0.4830745,0.46506348,0.47600502,0.51866555,0.5145733,0.34582722,0.0,0.0,0.2587251,0.0,0.0,0.0,0.0,0.0,0.0,0.18202274,0.0,0.0,0.741419,0.0,0.4434645,0.25
0.5396264,0.5495031,0.47658396,0.45567012,0.45264918,0.55184096,0.5519202,0.4722878,0.5240172,0.539396,0.51972204,0.49492827,0.5820931,0.4982115,0.48845717,0.46490225,0.46587932,0.5104486,0.49745986,0.5753427,0.463968,0.48108238,0.52110183,0.5004566,0.5060001,0.47307688,0.47772926,0.48348185,0.49691635,0.4631083,0.53265125,0.4843644,0.4593775,0.0,0.0,0.38876882,0.0,0.0,0.0,0.0,0.0,0.0,0.23925816,0.0,0.0,1.0581815,0.0,0.58639705,0.25
0.50412416,0.54382837,0.4602641,0.46913826,0.46440688,0.54131305,0.52805376,0.45896107,0.52753705,0.5081098,0.5205527,0.48537228,0.5516357,0.49483025,0.48581138,0.49237394,0.49426255,0.50553894,0.5001352,0.5198534,0.48756397,0.49394953,0.51831424,0.5154205,0.51022565,0.4949908,0.4764157,0.48662454,0.47607788,0.4673448,0.5025251,0.5023673,0.58527637,0.0,0.0,0.52186763,0.0,0.0,0.0,0.0,0.0,0.0,0.2727961,0.0,0.0,1.3603033,0.0,0.8811805,0.25
0.51267993,0.5069831,0.4943326,0.4665616,0.46920404,0.53696406,0.53579575,0.48593086,0.53717715,0.5072254,0.5021765,0.49807674,0.5556419,0.47212696,0.48422933,0.47872192,0.49273488,0.49238,0.48284823,0.5094022,0.5073853,0.47225887,0.49765608,0.5222692,0.53318816,0.49650392,0.47495788,0.4830282,0.46080115,0.47271562,0.52477884,0.51848304,0.38695872,0.0,0.0,0.29836506,0.0,0.0,0.0,0.0,0.0,0.0,0.20339513,0.0,0.0,0.8171961,0.0,0.5129753,0.25
0.5018494,0.51638526,0.48004732,0.46550506,0.47515675,0.52974963,0.5286397,0.46852612,0.52772987,0.5411005,0.50802654,0.48292923,0.5524263,0.4800144,0.47116515,0.4868635,0.49515516,0.5027476,0.49668124,0.52385205,0.49627003,0.5000847,0.5018617,0.5077332,0.50695926,0.49247983,0.47795358,0.495499,0.48467842,0.46378058,0.5114944,0.50730664,0.5781735,0.0,0.0,0.52037597,0.0,0.0,0.0,0.0,0.0,0.0,0.28903237,0.0,0.0,1.406002,0.0,0.91418636,1.0
0.5423851,0.5236952,0.5071155,0.4279802,0.450912,0.5306804,0.5496688,0.5059693,0.53010404,0.5111548,0.51517105,0.48821247,0.56432754,0.46321818,0.4756616,0.47115502,0.50251037,0.5023957,0.50165695,0.57207096,0.46488327,0.47184345,0.52577204,0.531463,0.48818207,0.4621132,0.53602207,0.4870165,0.5074544,0.4686462,0.523761,0.4803576,0.22844715,0.0,0.0,0.14945407,0.0,0.0,0.0,0.0,0.0,0.0,0.095217265,0.0,0.0,0.5023659,0.0,0.2297592,0.25
0.5245876,0.5213521,0.47366866,0.43488955,0.43487608,0.52826446,0.55208313,0.4608735,0.53727555,0.5729802,0.49641487,0.4752983,0.58601964,0.48750615,0.48495078,0.48429167,0.47557527,0.5123275,0.49071345,0.5458532,0.47215804,0.49042547,0.52918625,0.5067833,0.5142705,0.4501146,0.510681,0.4967706,0.5121377,0.47771475,0.5267919,0.48293948,0.38357374,0.0,0.0,0.32588035,0.0,0.0,0.0,0.0,0.0,0.0,0.19265231,0.0,0.0,0.8944002,0.0,0.5487952,0.75
0.50640404,0.5247643,0.4737641,0.47835785,0.47375336,0.52971214,0.50788593,0.4746725,0.5468697,0.50936145,0.5114344,0.4831671,0.56107205,0.48119593,0.48971605,0.50663775,0.49618444,0.490408,0.501575,0.52262515,0.49735367,0.48829886,0.48703542,0.49945366,0.4913782,0.47667044,0.4748811,0.49924383,0.5029119,0.4628562,0.53391546,0.4998571,0.30563867,0.0,0.0,0.2519494,0.0,0.0,0.0,0.0,0.0,0.0,0.13656938,0.0,0.0,0.806723,0.0,0.40606946,0.75
0.52430755,0.53139675,0.46944138,0.41571715,0.43486953,0.54320973,0.5449334,0.46138787,0.5507621,0.5486089,0.5101684,0.4866731,0.58559626,0.4883365,0.47952613,0.4986652,0.48754203,0.5105561,0.4811313,0.54895973,0.45733246,0.48884928,0.5443125,0.5202936,0.5080033,0.47005296,0.511009,0.49420214,0.48851997,0.4610205,0.5179987,0.48278975,0.61860204,0.0,0.0,0.52321917,0.0,0.0,0.0,0.0,0.0,0.0,0.3217386,0.0,0.0,1.4794949,0.0,0.9245847,0.25
0.5086371,0.5178046,0.4855586,0.46982503,0.47562596,0.51522076,0.5235119,0.4665866,0.5166839,0.55050355,0.49795955,0.49125198,0.5538428,0.48215252,0.46949202,0.48498654,0.506238,0.49039623,0.48462272,0.5134635,0.4978702,0.4959944,0.48872632,0.50081366,0.4935221,0.47849092,0.46392447,0.5059559,0.5191335,0.476029,0.5330744,0.49910927,0.40641224,0.0,0.0,0.34754646,0.0,0.0,0.0,0.0,0.0,0.0,0.19727762,0.0,0.0,0.8992189,0.0,0.5874121,0.75
0.53834885,0.50530106,0.49836776,0.45291775,0.45197788,0.5425259,0.54214,0.49458978,0.5156919,0.52777505,0.5035466,0.4990583,0.55411327,0.47304693,0.47946241,0.46153644,0.47062308,0.51349145,0.4916292,0.5594319,0.47502235,0.47296596,0.5141574,0.5225336,0.5090597,0.45925507,0.4974201,0.4781975,0.49812916,0.46394566,0.5362458,0.4743515,0.18460198,0.0,0.0,0.103401326,0.0,0.0,0.0,0.0,0.0,0.0,0.11537164,0.0,0.0,0.47425446,0.0,0.17282121,0.75
0.51097924,0.5059568,0.49511907,0.436981,0.45545807,0.5252017,0.54993236,0.45613953,0.5369371,0.5469217,0.5127801,0.48036355,0.5524682,0.48176432,0.4708588,0.47733787,0.49250352,0.52358204,0.48695666,0.53323084,0.49206847,0.4678722,0.495375,0.5206985,0.52984715,0.45738328,0.48489925,0.48160803,0.48962396,0.4577803,0.5481139,0.47782764,0.20724507,0.0,0.0,0.16409723,0.0,0.0,0.0,0.0,0.0,0.0,0.11947008,0.0,0.0,0.49342313,0.0,0.30836967,0.5
0.49705923,0.5429306,0.4886111,0.45474443,0.4549268,0.5429665,0.545768,0.4576304,0.52266294,0.51769924,0.5072461,0.49536628,0.552338,0.48783326,0.47023055,0.4663176,0.5100496,0.5073815,0.47720096,0.51634836,0.50255555,0.48841554,0.47620058,0.5096658,0.5147006,0.4935217,0.45085928,0.5039592,0.4900345,0.46782798,0.52270013,0.49273953,0.5586653,0.0,0.0,0.47426426,0.0,0.0,0.0,0.0,0.0,0.0,0.3026492,0.0,0.0,1.3247589,0.0,0.8970667,0.25
0.5037676,0.49655312,0.46897134,0.45610353,0.4878395,0.5223003,0.5306373,0.4829671,0.5567901,0.52681136,0.51102316,0.4994003,0.5602441,0.45648792,0.47518855,0.4944145,0.49912074,0.5032644,0.4942124,0.52051926,0.5084651,0.504183,0.4971788,0.51699954,0.5160749,0.48585224,0.46608892,0.48667458,0.4723583,0.46832773,0.52680045,0.50589466,0.45004722,0.0,0.0,0.36215946,0.0,0.0,0.0,0.0,0.0,0.0,0.21568334,0.0,0.0,1.1057609,0.0,0.6576288,0.25
0.51413673,0.53163314,0.503234,0.45353585,0.45969546,0.5302063,0.53917366,0.45350224,0.5426627,0.5160513,0.5012795,0.4899557,0.5542743,0.46436954,0.4782957,0.4687827,0.5118717,0.50267726,0.4649799,0.513407,0.5222166,0.4871977,0.47664705,0.52141166,0.52301335,0.47936723,0.45799237,0.49426475,0.47513026,0.4843552,0.53608763,0.48684672,0.3952816,0.0,0.0,0.29216284,0.0,0.0,0.0,0.0,0.0,0.0,0.23245823,0.0,0.0,0.9878824,0.0,0.63616586,0.75
0.5177666,0.5468117,0.48220277,0.46890476,0.45096043,0.5482675,0.5427373,0.48451218,0.4908702,0.5356579,0.52094793,0.4729829,0.54724306,0.51020306,0.47197598,0.46412015,0.4743194,0.51240236,0.4865788,0.5349715,0.48031968,0.48902586,0.51424026,0.5226033,0.52341026,0.49034414,0.48847547,0.48014534,0.47247714,0.45270148,0.51313424,0.49472353,0.58225906,0.0,0.0,0.52324116,0.0,0.0,0.0,0.0,0.0,0.0,0.28118527,0.0,0.0,1.379142,0.0,0.8245886,0.25
0.5066795,0.5310572,0.48238552,0.45263153,0.46344307,0.5251519,0.5438625,0.45997763,0.5416045,0.53650194,0.497258,0.48904747,0.561317,0.47181892,0.47088,0.47327366,0.5149974,0.5071228,0.48431376,0.50326556,0.52758306,0.49029407,0.47282708,0.51032376,0.52579117,0.49459448,0.44901523,0.47624072,0.47799385,0.4664977,0.5294201,0.4860167,0.35351938,0.0,0.0,0.25350073,0.0,0.0,0.0,0.0,0.0,0.0,0.20650083,0.0,0.0,0.8687887,0.0,0.57110715,0.0
0.49821874,0.54052925,0.48824233,0.45407763,0.45476502,0.53968596,0.5456518,0.4538622,0.52169055,0.5175906,0.5050143,0.4917907,0.5526933,0.48839548,0.46959934,0.46819514,0.5100877,0.5049755,0.47806856,0.5141911,0.5035509,0.4869575,0.47502658,0.505537,0.51626456,0.49388382,0.45287043,0.50169706,0.49027014,0.4689126,0.51822305,0.4935318,0.55200815,0.0,0.0,0.45305958,0.0,0.0,0.0,0.0,0.0,0.0,0.30104363,0.0,0.0,1.3136986,0.0,0.8910343,0.25
0.52281415,0.5029504,0.49955592,0.4991141,0.47584328,0.51998544,0.51422375,0.48548967,0.5291568,0.52458173,0.49274573,0.48567232,0.5555566,0.48629406,0.49387863,0.47362337,0.4958984,0.51399964,0.4935262,0.528433,0.5150949,0.48216277,0.49145257,0.5156837,0.49546066,0.4884575,0.47110954,0.48740554,0.48977584,0.44658473,0.5410131,0.4820028,0.25374812,0.0,0.0,0.16587847,0.0,0.0,0.0,0.0,0.0,0.0,0.13704857,0.0,0.0,0.61967355,0.0,0.23277862,0.5
0.51395124,0.5311959,0.4925365,0.46775195,0.45624447,0.5194364,0.54574907,0.4807714,0.49197388,0.53060985,0.50777125,0.48023003,0.5437993,0.49588114,0.48292154,0.47438797,0.4893705,0.4942519,0.493003,0.5413386,0.48695052,0.4774172,0.48818707,0.5083646,0.4985466,0.47266126,0.48852772,0.5018401,0.5059708,0.45248172,0.53091574,0.48524085,0.35714862,0.0,0.0,0.31051293,0.0,0.0,0.0,0.0,0.0,0.0,0.1881932,0.0,0.0,0.7675618,0.0,0.38488767,0.25
0.49902272,0.5252958,0.49220446,0.43022016,0.4480115,0.5413132,0.53876287,0.45431584,0.53939813,0.5624727,0.5057795,0.4702596,0.57833886,0.48330233,0.46538922,0.47412086,0.510436,0.51142794,0.4905922,0.5485333,0.47705105,0.4835091,0.4872373,0.5080393,0.51090825,0.4488803,0.49295917,0.5078672,0.52345914,0.46956694,0.540058,0.46926084,0.48067793,0.0,0.0,0.4337839,0.0,0.0,0.0,0.0,0.0,0.0,0.26259655,0.0,0.0,1.0599694,0.0,0.7050475,0.5
0.5213082,0.515544,0.49843773,0.463845,0.47919354,0.53707945,0.5371364,0.51543605,0.50515324,0.54064053,0.5074736,0.4994428,0.52971065,0.4941205,0.46830463,0.49471438,0.49161735,0.49765044,0.4875647,0.54442316,0.5037729,0.4987205,0.50186795,0.5241424,0.5135072,0.5049686,0.45486188,0.48516384,0.4516612,0.4723249,0.5145577,0.5027182,0.21921135,0.0,0.0,0.22376084,0.0,0.0,0.0,0.0,0.0,0.0,0.1132027,0.0,0.0,0.49393803,0.0,0.18397917,0.75
0.52967113,0.5134869,0.5128409,0.47269204,0.47438937,0.523975,0.52710885,0.5016997,0.511143,0.5192494,0.5147343,0.48453155,0.5313252,0.4792209,0.4707751,0.47585908,0.48190096,0.4570501,0.45680234,0.5648793,0.49933735,0.51408,0.5120247,0.50135434,0.47431242,0.527642,0.46208265,0.47101942,0.516531,0.46037,0.53374153,0.5129215,0.26985517,0.0,0.0,0.18545811,0.0,0.0,0.0,0.0,0.0,0.0,0.14390257,0.0,0.0,0.69950277,0.0,0.40936247,0.5
0.50413144,0.5346962,0.45323274,0.4656487,0.45689428,0.5442854,0.5437644,0.46264616,0.51491624,0.50899756,0.5380142,0.47332478,0.5729334,0.49716073,0.5039431,0.5063746,0.49677062,0.49903014,0.49088088,0.5597557,0.4734274,0.49895602,0.5210822,0.5124904,0.47634226,0.486849,0.5071787,0.5011793,0.48247507,0.44616032,0.51492083,0.50690234,0.61550117,0.0,0.0,0.52844954,0.0,0.0,0.0,0.0,0.0,0.0,0.24400258,0.0,0.0,1.4526802,0.0,0.8461607,0.25
0.51197207,0.47861084,0.4939547,0.4532019,0.47315165,0.5137388,0.53998834,0.49028042,0.52275515,0.51768696,0.4866681,0.5104971,0.5480321,0.47950077,0.48120818,0.49038655,0.4947019,0.4901883,0.47944468,0.5125071,0.50740176,0.5003263,0.47928646,0.5280533,0.5209164,0.48049852,0.46777487,0.4828506,0.491275,0.48610818,0.5272069,0.5041583,0.29960787,0.0,0.0,0.24106854,0.0,0.0,0.0,0.0,0.0,0.0,0.17062148,0.0,0.0,0.72117007,0.0,0.37664387,0.5
0.5015197,0.54234487,0.44872802,0.45724106,0.45809326,0.5367786,0.5389747,0.4600048,0.5224334,0.50158197,0.5396639,0.47938156,0.57041585,0.48965716,0.50150007,0.5062329,0.49120697,0.49633983,0.49962187,0.55175114,0.47646496,0.49843183,0.5166493,0.51377076,0.4893205,0.49027553,0.49787065,0.5009992,0.4802097,0.44602588,0.50536144,0.50696665,0.67121065,0.0,0.0,0.5962884,0.0,0.0,0.0,0.0,0.0,0.0,0.30042052,0.0,0.0,1.5919048,0.0,0.9743643,0.5
0.50386703,0.5328881,0.4864749,0.45342016,0.46381402,0.52791405,0.5424802,0.45790273,0.54324776,0.5362025,0.49977133,0.48958018,0.5593466,0.46758163,0.4653753,0.47490227,0.50978696,0.50719374,0.4803127,0.5032977,0.52508396,0.48862326,0.4755281,0.513324,0.528371,0.49237484,0.44483432,0.47959426,0.47332874,0.467256,0.529441,0.4860642,0.36955327,0.0,0.0,0.26563793,0.0,0.0,0.0,0.0,0.0,0.0,0.22212015,0.0,0.0,0.9157331,0.0,0.59962153,0.25
0.5369014,0.51717895,0.4954119,0.45299593,0.4703862,0.52212644,0.5253786,0.46700442,0.52526504,0.511691,0.47895518,0.48327082,0.5773384,0.45959997,0.48401386,0.4856908,0.505719,0.49994126,0.48620424,0.5357134,0.50604737,0.48913726,0.50459445,0.51547194,0.48548323,0.5041529,0.47388104,0.4798558,0.49215686,0.48531908,0.5329944,0.47951725,0.6005405,0.0,0.0,0.44249177,0.0,0.0,0.0,0.0,0.0,0.0,0.34616026,0.0,0.0,1.394454,0.0,0.83276945,0.25
0.50325847,0.5133752,0.45889306,0.47163793,0.46538797,0.540759,0.52941227,0.47889638,0.5371614,0.51217574,0.53072643,0.47406384,0.5637586,0.47768915,0.49208203,0.51348454,0.5044726,0.49977255,0.48059076,0.5398269,0.48898897,0.48784292,0.51949894,0.52075535,0.4914672,0.48903802,0.49443674,0.49066395,0.48327893,0.46219623,0.5319585,0.5013079,0.43764225,0.0,0.0,0.34680188,0.0,0.0,0.0,0.0,0.0,0.0,0.17103043,0.0,0.0,1.0981083,0.0,0.5780978,0.5
0.52969927,0.48427635,0.4914472,0.45874768,0.4786497,0.5095367,0.531176,0.49538225,0.5472111,0.5230131,0.5160663,0.48029903,0.54897594,0.4757105,0.49090016,0.497626,0.4890394,0.4719537,0.46832767,0.5083296,0.51649565,0.4929333,0.5176158,0.49828207,0.49327636,0.51849335,0.47426862,0.48964098,0.49831113,0.47035974,0.5098992,0.4883048,0.23871122,0.0,0.0,0.21532968,0.0,0.0,0.0,0.0,0.0,0.0,0.1443479,0.0,0.0,0.64485836,0.0,0.3534083,0.75
0.50626487,0.52491045,0.4944178,0.46096274,0.4552103,0.50909793,0.5353373,0.45543236,0.49415785,0.55894357,0.49806866,0.48477995,0.5582545,0.48557842,0.4641388,0.47526294,0.4841023,0.4997084,0.4826316,0.5188817,0.49482286,0.50127995,0.4908427,0.49284396,0.5066384,0.48226902,0.45224756,0.4824224,0.5101002,0.49306875,0.5249927,0.48876774,0.80878544,0.0,0.0,0.67461747,0.0,0.0,0.0,0.0,0.0,0.0,0.45711908,0.0,0.0,1.9493119,0.0,1.2203658,0.75
0.5260734,0.49290785,0.5110555,0.4538729,0.45384163,0.5240455,0.55787903,0.4880255,0.54608285,0.51408815,0.49873626,0.50012535,0.5476125,0.4571973,0.49317124,0.46760398,0.47955772,0.4795654,0.47739574,0.52156997,0.499884,0.46540818,0.50129277,0.52302563,0.52214766,0.5037611,0.45926836,0.48870382,0.4775725,0.4698413,0.5259611,0.51054347,0.28372768,0.0,0.0,0.18427621,0.0,0.0,0.0,0.0,0.0,0.0,0.14901748,0.0,0.0,0.61167747,0.0,0.36670876,0.0
0.5048839,0.5275805,0.49447566,0.45851302,0.4681453,0.5238307,0.5407949,0.4582368,0.5362339,0.53247195,0.49834087,0.48878857,0.5511808,0.46888855,0.4636076,0.4764096,0.5103951,0.5113552,0.4793851,0.5019366,0.5233839,0.48500475,0.47618923,0.5149418,0.52502954,0.4865745,0.446801,0.48661408,0.47436082,0.46511728,0.5327672,0.4890723,0.32831773,0.0,0.0,0.25942695,0.0,0.0,0.0,0.0,0.0,0.0,0.19638373,0.0,0.0,0.8313553,0.0,0.53975964,1.0
0.5148873,0.504427,0.49789372,0.47265875,0.47822094,0.5186704,0.5433103,0.47454363,0.5236115,0.52275926,0.48983014,0.48657,0.55060613,0.4874246,0.47153106,0.4997987,0.50784886,0.49447742,0.47491723,0.5221141,0.5195318,0.5050535,0.4793957,0.50200975,0.50559235,0.50123805,0.43879008,0.5129315,0.50449437,0.45496923,0.53821963,0.5194122,0.17030768,0.0,0.0,0.13054134,0.0,0.0,0.0,0.0,0.0,0.0,0.081878446,0.0,0.0,0.37849048,0.0,0.20872942,0.25
0.5032441,0.51815426,0.4820715,0.45792037,0.46855718,0.52352154,0.5267582,0.4654167,0.5272506,0.53839016,0.50682515,0.4790332,0.55537647,0.47751802,0.4733779,0.4873874,0.4883269,0.5038047,0.49438265,0.52417946,0.4976336,0.50029033,0.50474584,0.5089617,0.503536,0.4979779,0.47845528,0.49435493,0.49123916,0.47252655,0.5054096,0.5011144,0.63968575,0.0,0.0,0.55923986,0.0,0.0,0.0,0.0,0.0,0.0,0.31725425,0.0,0.0,1.5419362,0.0,0.97460556,0.25
0.51387525,0.48332712,0.49935532,0.45499098,0.478454,0.5153581,0.5415721,0.49080923,0.5266237,0.5119801,0.49459144,0.50540626,0.5420074,0.47710982,0.48344204,0.49348584,0.4928112,0.49296144,0.4821182,0.5112665,0.50949484,0.49408126,0.479598,0.5287811,0.52275807,0.48028955,0.4681087,0.48879066,0.4824675,0.4797059,0.52458227,0.5097595,0.30819649,0.0,0.0,0.24719517,0.0,0.0,0.0,0.0,0.0,0.0,0.18576126,0.0,0.0,0.74068415,0.0,0.40803853,0.25
0.5355339,0.50585514,0.49430487,0.47821832,0.4861874,0.5213405,0.5257676,0.49247283,0.5283837,0.5179168,0.5131706,0.48447156,0.5450004,0.4760463,0.49016458,0.48977357,0.5003715,0.53006756,0.48501027,0.5425428,0.49586058,0.50066435,0.5161522,0.51687837,0.4984781,0.5104712,0.49204704,0.47833332,0.47308254,0.45558372,0.5299457,0.49330768,0.37547493,0.0,0.0,0.33490306,0.0,0.0,0.0,0.0,0.0,0.0,0.114174426,0.0,0.0,0.9131941,0.0,0.47604716,0.25
0.519182,0.5449627,0.49103352,0.47085565,0.4647416,0.5335728,0.5419817,0.48566228,0.50044596,0.53216225,0.5121765,0.48085707,0.5523687,0.49343836,0.47880408,0.4615835,0.49094886,0.506314,0.4993697,0.5493914,0.4801158,0.47686926,0.50023955,0.521659,0.5062245,0.49515307,0.4953504,0.48304722,0.4687076,0.45951802,0.50889856,0.50880873,0.52715445,0.0,0.0,0.49597192,0.0,0.0,0.0,0.0,0.0,0.0,0.26278514,0.0,0.0,1.1511267,0.0,0.6458912,0.75
0.49608243,0.5398786,0.4880722,0.45329607,0.45314667,0.5379972,0.5477379,0.454562,0.5204461,0.51763105,0.5029945,0.49181587,0.5558808,0.4869671,0.46404663,0.47150213,0.5060142,0.5040642,0.4771792,0.5140695,0.50268674,0.48787358,0.47574437,0.5054045,0.51911587,0.4949194,0.45277599,0.5027738,0.4875123,0.46433076,0.51612484,0.49664277,0.5526245,0.0,0.0,0.44467515,0.0,0.0,0.0,0.0,0.0,0.0,0.3047256,0.0,0.0,1.3091333,0.0,0.89614064,0.25
0.5257285,0.5027458,0.50713784,0.47825193,0.47452608,0.51973575,0.526881,0.49496153,0.532351,0.51031697,0.5063259,0.48973292,0.5632334,0.46864754,0.49318936,0.46593094,0.50937253,0.5119631,0.49807107,0.5424552,0.49951756,0.50082237,0.5137922,0.50914735,0.47630128,0.5059249,0.47642753,0.48840603,0.49220318,0.4788828,0.5264024,0.48565513,0.2684966,0.0,0.0,0.18417706,0.0,0.0,0.0,0.0,0.0,0.0,0.13444294,0.0,0.0,0.65809935,0.0,0.28849888,0.25
0.50609785,0.48824716,0.47650832,0.4629546,0.4955402,0.5190363,0.52106607,0.48999855,0.55008674,0.534368,0.5037144,0.4934533,0.558808,0.4619848,0.46624374,0.49850035,0.4998465,0.5053398,0.48822048,0.51131696,0.5090372,0.50058633,0.49320146,0.51242524,0.5181122,0.48805207,0.47206357,0.49019772,0.48013157,0.47115657,0.52328193,0.5050676,0.40824553,0.0,0.0,0.32553428,0.0,0.0,0.0,0.0,0.0,0.0,0.20363839,0.0,0.0,1.0640404,0.0,0.60906553,0.25
0.50386053,0.4911436,0.47418287,0.4588043,0.49302965,0.52024865,0.52751046,0.48888993,0.5506488,0.528276,0.50495493,0.5002484,0.55881447,0.45778733,0.469429,0.4968762,0.5003529,0.5059852,0.48574266,0.51629615,0.5067715,0.49989462,0.4963177,0.5126789,0.5171424,0.48564136,0.4778144,0.49291998,0.47975835,0.47312966,0.5268621,0.50851417,0.4332909,0.0,0.0,0.33833247,0.0,0.0,0.0,0.0,0.0,0.0,0.21380135,0.0,0.0,1.1166971,0.0,0.6358856,0.5
0.509943,0.52375615,0.46931818,0.4822363,0.47789717,0.53305537,0.51629287,0.4781355,0.54681057,0.5211389,0.5189098,0.48578715,0.55299586,0.47887948,0.48620746,0.5009128,0.49207258,0.50943685,0.48883218,0.50118166,0.49999678,0.48833483,0.51120216,0.527487,0.527907,0.48702365,0.47350925,0.47580922,0.4647795,0.4726644,0.5280613,0.50100726,0.43865222,0.0,0.0,0.32235518,0.0,0.0,0.0,0.0,0.0,0.0,0.19868481,0.0,0.0,1.0250028,0.0,0.61238414,0.25
0.5028938,0.53404975,0.48262382,0.48012462,0.47375154,0.5332752,0.5189746,0.48379496,0.54175365,0.52299607,0.51497704,0.48728964,0.5511058,0.47578114,0.4779584,0.49546993,0.4855992,0.5135151,0.48944855,0.51113015,0.49994233,0.4957128,0.516763,0.53105056,0.52324474,0.48043162,0.48189747,0.4829959,0.4575446,0.47000018,0.51977956,0.5014183,0.43210554,0.0,0.0,0.3089891,0.0,0.0,0.0,0.0,0.0,0.0,0.2037214,0.0,0.0,1.0424749,0.0,0.61615324,0.75
0.4982101,0.539953,0.48424354,0.44511807,0.4698954,0.5414556,0.5423705,0.46435112,0.5158899,0.48872718,0.4988277,0.50689435,0.56193507,0.48196656,0.46235973,0.4806209,0.51823926,0.50929326,0.50233626,0.5285694,0.48901045,0.4915378,0.49602947,0.511999,0.49809796,0.5039575,0.4828489,0.5072038,0.5044572,0.48018658,0.51466817,0.48614815,0.48761216,0.0,0.0,0.4204774,0.0,0.0,0.0,0.0,0.0,0.0,0.2507578,0.0,0.0,1.1215883,0.0,0.74854314,0.5
0.5063882,0.5367633,0.4699646,0.4440059,0.45246467,0.55295956,0.5441234,0.4732594,0.53390443,0.5241164,0.52036256,0.4782958,0.5670115,0.48734298,0.48610184,0.48647344,0.49587286,0.50526565,0.47890988,0.53477234,0.49021637,0.49954998,0.517633,0.5118717,0.5049815,0.49307013,0.4797718,0.50362754,0.48159686,0.47356808,0.5279274,0.5061822,0.6410266,0.0,0.0,0.48940292,0.0,0.0,0.0,0.0,0.0,0.0,0.32774866,0.0,0.0,1.5466648,0.0,0.9364108,0.75
0.517112,0.49154738,0.5116117,0.4589582,0.4689187,0.50699747,0.53029484,0.49105173,0.5255479,0.5050359,0.5074738,0.48931724,0.5489704,0.49482155,0.49247825,0.49260563,0.48687962,0.44384336,0.45370832,0.541201,0.49875283,0.5130307,0.53802717,0.4842435,0.48432204,0.529418,0.45211318,0.49803916,0.5238739,0.4683482,0.5270275,0.5160413,0.32207274,0.0,0.0,0.19558963,0.0,0.0,0.0,0.0,0.0,0.0,0.16852793,0.0,0.0,0.7576741,0.0,0.48689422,0.25
0.52723944,0.5079978,0.497325,0.46960708,0.46288863,0.5212039,0.51759726,0.46709743,0.52975005,0.5319341,0.4792504,0.47678128,0.5749517,0.48000532,0.46908638,0.4711413,0.50180066,0.50080925,0.4845597,0.500861,0.5162494,0.4839706,0.4853594,0.51732993,0.5145725,0.5091472,0.44755024,0.47660598,0.4858331,0.46327305,0.531615,0.4991095,0.52418727,0.0,0.0,0.4545309,0.0,0.0,0.0,0.0,0.0,0.0,0.3311434,0.0,0.0,1.2794297,0.0,0.795282,0.75
0.5104333,0.5100105,0.49146962,0.44110966,0.47184744,0.52473,0.5443817,0.4783206,0.51544785,0.5130667,0.49836853,0.49388874,0.54511106,0.49186498,0.47913545,0.4890974,0.49858654,0.49887446,0.5001879,0.5264205,0.50055003,0.49441177,0.48734024,0.5157861,0.51223284,0.484969,0.48727176,0.49563825,0.47074968,0.47139376,0.52029186,0.50882566,0.45873395,0.0,0.0,0.42253253,0.0,0.0,0.0,0.0,0.0,0.0,0.24390365,0.0,0.0,1.0411456,0.0,0.6738129,0.25
0.5113825,0.5210274,0.46355924,0.44676968,0.44747964,0.528242,0.5343899,0.46365833,0.5624063,0.5239457,0.51519316,0.4916983,0.5701623,0.4849052,0.49714664,0.5034591,0.47104543,0.50439775,0.4769785,0.56324863,0.4623626,0.47337133,0.520497,0.5045389,0.50913614,0.46519428,0.49766573,0.495205,0.5157326,0.47844505,0.53508884,0.4731146,0.27734867,0.0,0.0,0.24611323,0.0,0.0,0.0,0.0,0.0,0.0,0.10392674,0.0,0.0,0.66684985,0.0,0.29930785,0.75
0.5094287,0.50113463,0.4968985,0.46259063,0.45617202,0.5309352,0.547651,0.4787575,0.53741914,0.52674675,0.520438,0.490511,0.55316746,0.46650657,0.47408783,0.4754107,0.51281357,0.4889251,0.48872158,0.5166352,0.53012866,0.5055989,0.47997332,0.50051147,0.5114445,0.49776372,0.46033487,0.49147326,0.47308862,0.47665766,0.52361137,0.47170222,0.2452869,0.0,0.0,0.20552675,0.0,0.0,0.0,0.0,0.0,0.0,0.1984025,0.0,0.0,0.53635204,0.0,0.3909338,0.5
0.5115782,0.52856696,0.47217965,0.4769643,0.47674954,0.5313328,0.52392554,0.47498533,0.5498167,0.51927257,0.51635957,0.48835,0.55577296,0.47249156,0.49219152,0.49433157,0.4928021,0.5095659,0.4943762,0.5073527,0.49856406,0.4901144,0.5131941,0.5305422,0.52840567,0.48451224,0.473012,0.4741099,0.4617487,0.47655067,0.5238112,0.4959955,0.45710146,0.0,0.0,0.34246147,0.0,0.0,0.0,0.0,0.0,0.0,0.20043725,0.0,0.0,1.0914327,0.0,0.66493857,0.25
0.52078897,0.5166625,0.4878069,0.48589793,0.47239578,0.5241951,0.5340654,0.5001884,0.5196516,0.5285339,0.5077802,0.48479444,0.5425486,0.47599712,0.46513176,0.47461185,0.47526848,0.5194477,0.49346754,0.53249437,0.49342576,0.49175262,0.5145663,0.5283911,0.5154415,0.48689896,0.47430912,0.47129732,0.45830283,0.46126896,0.521188,0.4949936,0.38971353,0.0,0.0,0.32742012,0.0,0.0,0.0,0.0,0.0,0.0,0.17414941,0.0,0.0,0.98327404,0.0,0.47542953,0.5
0.5088579,0.52788186,0.5044755,0.44357693,0.4484972,0.5280645,0.53874743,0.4784462,0.5300326,0.5479661,0.5071753,0.49160212,0.5458326,0.5000445,0.4663476,0.47791398,0.497805,0.5108775,0.4781546,0.5370011,0.50358593,0.5006137,0.49758294,0.51658475,0.52389,0.49443826,0.4739631,0.4852057,0.4716183,0.4717604,0.51712143,0.4748834,0.24020328,0.0,0.0,0.11745836,0.0,0.0,0.0,0.0,0.0,0.0,0.14504361,0.0,0.0,0.5550037,0.0,0.38541156,0.25
0.4979682,0.5217293,0.48709822,0.46663246,0.47380078,0.53118396,0.52584875,0.47034705,0.52373606,0.5358421,0.5109799,0.48766857,0.55243105,0.47734457,0.46874067,0.48653907,0.48888513,0.5057603,0.49837077,0.5265819,0.496794,0.50141084,0.5042313,0.5098874,0.50616103,0.4946112,0.4768092,0.4964367,0.48237693,0.46528998,0.50823575,0.50728256,0.64651334,0.0,0.0,0.5747155,0.0,0.0,0.0,0.0,0.0,0.0,0.32140285,0.0,0.0,1.5489964,0.0,0.99287367,0.75
0.50384676,0.5167044,0.47378525,0.45898485,0.46952474,0.52318496,0.53416204,0.4681154,0.5267788,0.5437157,0.49951,0.48328745,0.55736035,0.4744614,0.47131333,0.48254237,0.4953895,0.50119954,0.4944438,0.527457,0.49686337,0.5037069,0.50609964,0.51086986,0.49537385,0.49584922,0.4799359,0.49695545,0.49756423,0.47620025,0.5090168,0.49914762,0.5983529,0.0,0.0,0.5296233,0.0,0.0,0.0,0.0,0.0,0.0,0.2831803,0.0,0.0,1.4194146,0.0,0.9035211,0.25
0.51650226,0.5353018,0.4883106,0.46926972,0.45481455,0.5344701,0.52534574,0.45197853,0.52126414,0.52644885,0.49800563,0.4830802,0.5629696,0.48032367,0.47584283,0.47658756,0.49147895,0.49898186,0.48716626,0.5197265,0.5051397,0.49125388,0.4944148,0.4961549,0.50420487,0.50733143,0.44934967,0.494454,0.5016736,0.46556363,0.5163534,0.49863204,0.8474964,0.0,0.0,0.6850699,0.0,0.0,0.0,0.0,0.0,0.0,0.46422875,0.0,0.0,1.9799029,0.0,1.285161,0.5
0.50172603,0.53443813,0.46603566,0.47480598,0.46891597,0.5339175,0.5278947,0.4577432,0.518385,0.5150968,0.5099797,0.4855079,0.5465059,0.49318603,0.4825666,0.4897949,0.49758837,0.50529706,0.5069134,0.51978576,0.48984632,0.49445778,0.513875,0.513376,0.50593215,0.4954328,0.48016933,0.48875102,0.4778059,0.46402085,0.4955789,0.50276196,0.54461825,0.0,0.0,0.5084479,0.0,0.0,0.0,0.0,0.0,0.0,0.26378238,0.0,0.0,1.2358063,0.0,0.8106526,0.5
0.51202697,0.5208821,0.4869451,0.4665853,0.45617652,0.53257596,0.5279259,0.45367533,0.51896214,0.52457374,0.50316817,0.483067,0.5536454,0.48725155,0.4803321,0.48782128,0.49256283,0.49810365,0.4808857,0.5186137,0.50267905,0.48942465,0.4895458,0.49774703,0.5036371,0.50211227,0.45518833,0.49730423,0.5097119,0.46662492,0.52391464,0.50218546,0.77846587,0.0,0.0,0.62639505,0.0,0.0,0.0,0.0,0.0,0.0,0.4417386,0.0,0.0,1.7945014,0.0,1.1593673,0.0
0.5124679,0.49036524,0.47175938,0.46145537,0.49395862,0.51401144,0.51719594,0.47893864,0.55648166,0.5372556,0.5059764,0.48721218,0.56106204,0.46797526,0.4732354,0.5037048,0.4999732,0.50243837,0.48696637,0.50846434,0.51292527,0.5039319,0.48526648,0.5172189,0.51995206,0.4868341,0.46429828,0.48670155,0.481726,0.47026289,0.523029,0.50202805,0.39642286,0.0,0.0,0.32547346,0.0,0.0,0.0,0.0,0.0,0.0,0.2017606,0.0,0.0,1.0217842,0.0,0.5982156,0.5
0.50392634,0.55063593,0.49256662,0.4469599,0.46689108,0.54445714,0.52761585,0.46670687,0.5251918,0.52331775,0.51835495,0.49379885,0.57048726,0.48203853,0.48279113,0.4782159,0.46255165,0.52200556,0.49922454,0.56304115,0.4781888,0.4822988,0.54942983,0.512208,0.4955095,0.4814182,0.50920504,0.49662358,0.4937216,0.47606102,0.51599014,0.46710795,0.72607124,0.0,0.0,0.60699165,0.0,0.0,0.0,0.0,0.0,0.0,0.39444733,0.0,0.0,1.638995,0.0,1.0341012,0.25
0.5035499,0.49919173,0.5106604,0.43779078,0.459981,0.52374023,0.5500483,0.47271818,0.531769,0.5643592,0.50331104,0.46678042,0.5559207,0.47317398,0.45686215,0.48001692,0.5026708,0.52307713,0.47819456,0.5260756,0.499014,0.49220076,0.48867583,0.51514554,0.5206523,0.46401426,0.50768125,0.49853015,0.50040454,0.45848036,0.54270786,0.47860205,0.28427556,0.0,0.0,0.22580774,0.0,0.0,0.0,0.0,0.0,0.0,0.1813167,0.0,0.0,0.69337803,0.0,0.39263085,1.0
0.50879073,0.54001224,0.4832327,0.44015992,0.43919086,0.5418517,0.54770184,0.45746562,0.52929276,0.54853356,0.5252707,0.4848499,0.56680775,0.4932356,0.47311026,0.47243488,0.48502564,0.5163707,0.50040436,0.55896467,0.46507743,0.48000205,0.50027025,0.5130167,0.52634627,0.4655138,0.48950464,0.4850995,0.49146974,0.45237613,0.51878643,0.46701136,0.5135933,0.0,0.0,0.41286576,0.0,0.0,0.0,0.0,0.0,0.0,0.2587979,0.0,0.0,1.1532762,0.0,0.789978,0.75
0.51083136,0.51283073,0.501443,0.458457,0.45610636,0.50278467,0.5479056,0.47176415,0.52379537,0.53498405,0.50112104,0.4892589,0.55439985,0.47681308,0.46311405,0.46912727,0.52946347,0.49632534,0.48731154,0.49946174,0.51463896,0.47872484,0.48250654,0.50839376,0.5111241,0.4862923,0.47109765,0.5008136,0.4899757,0.45751798,0.51186025,0.50594354,0.21511814,0.0,0.0,0.15255277,0.0,0.0,0.0,0.0,0.0,0.0,0.11897958,0.0,0.0,0.41776103,0.0,0.27466497,0.0
0.50316554,0.5238663,0.4830827,0.45511195,0.4678441,0.5250631,0.5267241,0.46587405,0.52947116,0.5345247,0.51130015,0.48422864,0.55643165,0.47713208,0.47601202,0.48939428,0.48586372,0.5061307,0.49506643,0.526834,0.49802062,0.50375724,0.50645876,0.5110744,0.5034938,0.50091445,0.47653532,0.4938218,0.48686492,0.47024116,0.50267404,0.50228953,0.671628,0.0,0.0,0.58802533,0.0,0.0,0.0,0.0,0.0,0.0,0.33563057,0.0,0.0,1.6105012,0.0,1.0215577,0.75
0.51138866,0.5135753,0.509106,0.45680565,0.45165703,0.5238244,0.55039287,0.46627545,0.5294628,0.54718024,0.5125624,0.48731726,0.5601698,0.4707257,0.4544915,0.46341175,0.52614707,0.49739358,0.4724946,0.49567452,0.5172546,0.46897644,0.48233378,0.5136326,0.5242777,0.49145335,0.46073088,0.49567783,0.47837013,0.4591447,0.513367,0.50582385,0.32742655,0.0,0.0,0.21271811,0.0,0.0,0.0,0.0,0.0,0.0,0.17719811,0.0,0.0,0.670643,0.0,0.45104146,0.25
0.5100905,0.5168247,0.49185446,0.43335915,0.4323829,0.55126315,0.54661155,0.46889967,0.5623315,0.5364397,0.5205052,0.49382526,0.5787009,0.4734529,0.46438065,0.4686194,0.49263078,0.52394944,0.478508,0.5347268,0.49697953,0.48171613,0.50302505,0.5305243,0.5375482,0.46379042,0.48586756,0.47843128,0.47712672,0.4690123,0.54372334,0.46608934,0.36259702,0.0,0.0,0.25858846,0.0,0.0,0.0,0.0,0.0,0.0,0.19738704,0.0,0.0,0.8232354,0.0,0.5443342,0.75
0.5043472,0.52298224,0.47928092,0.48944265,0.48185784,0.53026366,0.5160928,0.48221922,0.5356549,0.5274606,0.51235497,0.48833278,0.5460639,0.479564,0.4770083,0.49848136,0.48965815,0.5120269,0.49042547,0.50594527,0.5001714,0.48883787,0.5125477,0.52450204,0.520653,0.4844302,0.48359197,0.48349455,0.46574718,0.47458017,0.5226838,0.5014513,0.3783027,0.0,0.0,0.28206012,0.0,0.0,0.0,0.0,0.0,0.0,0.17949422,0.0,0.0,0.9154602,0.0,0.5365949,1.0
0.49411756,0.5280815,0.48501,0.44971028,0.45964387,0.5364834,0.5404264,0.46060857,0.52630574,0.5428598,0.4973567,0.48635042,0.55940586,0.48708877,0.45896593,0.46935338,0.5134122,0.49933916,0.48077983,0.5151537,0.50893444,0.49505302,0.47826308,0.50482583,0.5122821,0.48286057,0.4596738,0.50822544,0.51337606,0.47728133,0.5242572,0.4940286,0.54511595,0.0,0.0,0.50133586,0.0,0.0,0.0,0.0,0.0,0.0,0.32486457,0.0,0.0,1.2779232,0.0,0.8510533,0.5
0.4962451,0.5151578,0.48562253,0.46981874,0.47199512,0.5279917,0.52677023,0.47018537,0.51969093,0.54114723,0.50561804,0.48248938,0.55398625,0.47790694,0.46496797,0.48397726,0.49278584,0.50472766,0.4961498,0.52437633,0.49489522,0.5012477,0.5041562,0.5079405,0.50336033,0.4945286,0.48109463,0.49731502,0.48800495,0.46780962,0.50874925,0.5036163,0.5973159,0.0,0.0,0.5337187,0.0,0.0,0.0,0.0,0.0,0.0,0.29703853,0.0,0.0,1.445227,0.0,0.92945945,0.25
0.5313005,0.5325047,0.49160534,0.46001494,0.46215937,0.520164,0.53607106,0.4899787,0.50651556,0.5100592,0.52536815,0.47363588,0.55009055,0.47296083,0.4820144,0.45388502,0.49812576,0.50958264,0.5095216,0.5656297,0.47959474,0.51074696,0.5416407,0.5193582,0.48489988,0.5065762,0.48544955,0.49439317,0.47692156,0.4672277,0.50733876,0.49717197,0.56053925,0.0,0.0,0.57718414,0.0,0.0,0.0,0.0,0.0,0.0,0.2803926,0.0,0.0,1.3008422,0.0,0.78673774,0.75
0.5271637,0.4997697,0.46922964,0.43367064,0.45016462,0.55214065,0.5583259,0.4854292,0.57070243,0.5231372,0.51265305,0.49365002,0.57927805,0.44913104,0.4800953,0.5011743,0.48177317,0.5116093,0.46686232,0.53291994,0.49298587,0.48673114,0.5044608,0.52090746,0.5021419,0.47121793,0.50716376,0.5072846,0.49541512,0.48231125,0.5380684,0.48565343,0.51237,0.0,0.0,0.40901697,0.0,0.0,0.0,0.0,0.0,0.0,0.26072112,0.0,0.0,1.2163302,0.0,0.69185364,0.5
0.51458395,0.5532007,0.45731393,0.44662064,0.44477957,0.5408764,0.54617316,0.46195084,0.53714436,0.52740777,0.53396356,0.48919666,0.58442116,0.49445194,0.48693863,0.49863163,0.4706272,0.4858456,0.4940012,0.5759076,0.45355794,0.4884255,0.5362012,0.5049768,0.49620992,0.4738264,0.51362044,0.5060202,0.50554353,0.4516902,0.522768,0.50056535,0.6214454,0.0,0.0,0.56179535,0.0,0.0,0.0,0.0,0.0,0.0,0.2914835,0.0,0.0,1.4619446,0.0,0.8840864,1.0
0.5175403,0.5342183,0.48845568,0.46777683,0.4539172,0.52737325,0.52701354,0.44790512,0.51721543,0.5272384,0.49636948,0.48268563,0.55779576,0.48033175,0.4756719,0.47702926,0.49086124,0.50083894,0.48650977,0.5177946,0.5044464,0.49215502,0.4935332,0.49401867,0.5053798,0.5043705,0.45216757,0.49251682,0.5032127,0.4708027,0.515434,0.49643382,0.83593786,0.0,0.0,0.6641998,0.0,0.0,0.0,0.0,0.0,0.0,0.45875812,0.0,0.0,1.949387,0.0,1.2595989,0.25
0.51441336,0.52232796,0.47812182,0.48511788,0.48293325,0.5260082,0.513938,0.4770451,0.53898585,0.5273211,0.5151291,0.4835252,0.5479181,0.4843256,0.48183087,0.49863374,0.4893935,0.51125884,0.4874755,0.49940977,0.50268984,0.48371068,0.5086334,0.52215606,0.52802014,0.48507074,0.48121017,0.4808469,0.46845108,0.47606063,0.5242934,0.4993302,0.45555234,0.0,0.0,0.3087065,0.0,0.0,0.0,0.0,0.0,0.0,0.20130828,0.0,0.0,1.0706975,0.0,0.6296729,0.25
