0,1,2,3,4,5,6,7,8,9,10,11,12,13,14,15,0.1,1.1,2.1,3.1,4.1,5.1,6.1,7.1,8.1,9.1,10.1,11.1,12.1,13.1,14.1,15.1,0.2,1.2,2.2,3.2,4.2,5.2,6.2,7.2,8.2,9.2,10.2,11.2,12.2,13.2,14.2,15.2,0.3,1.3,2.3,3.3,4.3,5.3,6.3,7.3,8.3,9.3,10.3,11.3,12.3,13.3,14.3,15.3,num
0.35132828,0.0,0.0,1.8210609,2.2130458,0.0,0.59279084,0.0,1.3453375,0.0,1.0811374,0.54735804,0.0,2.5580645,0.0,2.5320678,0.17943022,0.0,0.0,0.3395864,0.0,0.0,0.0,0.0,0.0,0.0,0.0,0.0,0.13139966,0.0,0.13172904,0.0,0.67219067,0.0,0.0,1.9309442,0.0,0.6108164,0.0,1.1094,0.0,2.5251894,1.3307197,3.1105232,0.0,1.2146986,0.9204514,1.4565079,0.74206066,0.0,0.0,0.7358012,0.0,0.0,0.0,0.0,1.3380713,0.0,0.0,0.5815652,0.86837775,0.0,0.0,1.5220977,0.25
0.1470413,0.0,0.0,1.9490335,2.4014933,0.0,0.0,0.0,0.6796762,0.0,1.9353158,0.2246405,0.0,2.6024475,0.0,3.6017807,0.44153163,0.0,0.0,0.65587616,0.0,0.0,0.0,0.0,0.0,0.0,0.0,0.0,0.62524855,0.07007867,0.33253148,0.0,1.1768942,0.0,0.0,1.6206989,0.0,0.09487649,0.0,1.5525156,0.0,2.8375297,1.9583405,2.3009725,0.0,1.0823135,0.89635956,0.86401206,0.70747143,0.0,0.0,0.68960655,0.0,0.0,0.0,0.0,1.2809343,0.0,0.0,0.5271886,0.7656557,0.0,0.0,1.4892895,0.5
0.34662324,0.0,0.0,1.5561864,2.0338426,0.0,0.31299812,0.0,0.8697568,0.0,1.2355174,0.52019876,0.0,2.116866,0.0,2.7769673,0.24407884,0.0,0.0,0.38139033,0.0,0.0,0.0,0.0,0.0,0.0,0.0,0.0,0.4217133,0.038655695,0.15672722,0.0,0.084354356,0.0,0.0,2.6942332,0.0,1.6831007,0.0,0.32143253,0.0,1.5070866,0.51362497,3.9102194,0.0,1.7937838,0.9650635,1.4220383,0.7114634,0.0,0.0,0.68039536,0.0,0.0,0.0,0.0,1.2676823,0.0,0.0,0.46698803,0.848992,0.0,0.0,1.4804503,0.25
0.14721273,0.0,0.0,1.8179325,2.3714135,0.0,0.044893492,0.0,0.947465,0.0,1.687541,0.34093422,0.0,2.6282713,0.0,3.166095,0.6138735,0.0,0.0,0.8541267,0.0,0.0,0.0,0.0,0.0,0.0,0.0,0.0,0.92142826,0.10440775,0.43246683,0.0,0.93406457,0.0,0.0,1.8992962,0.0,0.3984259,0.0,1.4044622,0.0,2.686114,1.848367,2.5215642,0.0,1.0794026,0.72871095,0.6921055,0.7153017,0.0,0.0,0.750863,0.0,0.0,0.0,0.0,1.3612623,0.0,0.0,0.5611766,0.78795946,0.0,0.0,1.5712403,0.75
0.68144906,0.0,0.0,1.7961719,2.18532,0.0,0.53996164,0.0,1.2099332,0.0,1.4727789,0.53568655,0.0,2.596661,0.0,3.2189586,0.5773272,0.0,0.0,0.8679481,0.0,0.0,0.0,0.0,0.0,0.0,0.0,0.0,0.9700045,0.07927002,0.52068776,0.0,1.4743912,0.0,0.0,0.60247326,0.0,0.0,0.0,2.6887991,0.0,4.2450438,3.1786618,1.0172019,0.0,0.31861135,0.5503337,0.5992866,0.94913125,0.0,0.0,1.0753226,0.0,0.0,0.0,0.0,1.7941233,0.0,0.0,0.6942754,1.0793473,0.0,0.0,1.9137818,0.25
1.1845802,0.0,0.0,1.2018247,1.4909687,0.0,1.2892668,0.0,1.9254348,0.0,0.6314477,1.2404301,0.0,1.6376102,0.0,1.8813639,0.13269599,0.0,0.0,0.21939057,0.0,0.0,0.0,0.0,0.0,0.0,0.0,0.0,0.22932965,0.0,0.099339426,0.0,1.1371166,0.0,0.0,1.7543385,0.0,0.900436,0.0,1.4835984,0.0,2.918689,1.698843,2.9146411,0.0,1.2054218,1.0042498,1.2180531,0.73109823,0.0,0.0,0.78348494,0.0,0.0,0.0,0.0,1.3680418,0.0,0.0,0.5562762,0.88128245,0.0,0.0,1.5604061,0.0
1.977278,0.0,0.0,0.082884006,0.17503022,0.0,2.5354972,0.0,3.0293808,0.0,0.0,2.2777321,0.0,0.27744076,0.0,0.0,0.14989243,0.0,0.0,0.2951912,0.0,0.0,0.0,0.0,0.0,0.0,0.0,0.0,0.31747323,0.0,0.12904213,0.0,0.0,0.0,0.0,2.6758788,0.0,1.5500929,0.0,0.1261711,0.0,0.11388355,0.0,4.8229203,0.0,2.1839757,1.6635721,2.165602,0.81227756,0.0,0.0,0.8508125,0.0,0.0,0.0,0.0,1.4576273,0.0,0.0,0.63845843,0.85897344,0.0,0.0,1.4785132,0.0
1.9222065,0.0,0.0,0.5885662,0.56336695,0.0,2.4714546,0.0,3.114274,0.0,0.0,2.1512969,0.0,0.80978286,0.0,0.0,0.1699442,0.0,0.0,0.3104144,0.0,0.0,0.0,0.0,0.0,0.0,0.0,0.0,0.12908322,0.0,0.11522223,0.0,0.2587273,0.0,0.0,2.9445043,0.0,1.894656,0.0,0.06085734,0.0,0.7648066,0.0,5.005401,0.0,2.321363,1.6580364,2.1844094,0.73216647,0.0,0.0,0.7367437,0.0,0.0,0.0,0.0,1.35378,0.0,0.0,0.57077646,0.8000007,0.0,0.0,1.5437748,0.0
2.1454825,0.0,0.0,0.42208937,0.34885275,0.0,2.7415364,0.0,3.345656,0.0,0.0,2.3846035,0.0,0.5981314,0.0,0.0,0.17994703,0.0,0.0,0.3125675,0.0,0.0,0.0,0.0,0.0,0.0,0.0,0.0,0.13632205,0.0,0.11940908,0.0,0.19817092,0.0,0.0,3.0602498,0.0,2.0196047,0.0,0.0039969534,0.0,0.65441656,0.0,5.2165165,0.0,2.4547415,1.7520093,2.3565185,0.7421002,0.0,0.0,0.74819636,0.0,0.0,0.0,0.0,1.3791142,0.0,0.0,0.5838965,0.8148309,0.0,0.0,1.5680543,0.0
0.39410034,0.0,0.0,1.7541146,2.3109841,0.0,0.023326088,0.0,0.72918534,0.0,1.6697497,0.24324863,0.0,2.468504,0.0,3.5250752,0.4672693,0.0,0.0,0.69343895,0.0,0.0,0.0,0.0,0.0,0.0,0.0,0.0,0.7029204,0.06750173,0.38271368,0.0,1.39384,0.0,0.0,1.3554441,0.0,0.22128196,0.0,1.786563,0.0,3.0867817,2.2223666,2.0191765,0.0,0.9700009,0.8643365,0.7520271,0.7170841,0.0,0.0,0.7392899,0.0,0.0,0.0,0.0,1.3201133,0.0,0.0,0.5260928,0.84162724,0.0,0.0,1.5873517,0.25
0.98631024,0.0,0.0,1.1176066,1.4532623,0.0,0.9228069,0.0,1.5302557,0.0,0.6648969,1.076301,0.0,1.6968181,0.0,1.8508842,0.7045672,0.0,0.0,0.9547873,0.0,0.0,0.0,0.0,0.0,0.0,0.0,0.0,1.1188456,0.29487,0.59776527,0.0,0.30053383,0.0,0.0,1.7969383,0.0,0.77208275,0.0,1.0282942,0.0,2.05474,1.2845216,2.938374,0.0,1.0457636,0.66735625,0.9120876,0.8339687,0.0,0.0,0.89206016,0.0,0.0,0.0,0.0,1.5575607,0.0,0.0,0.5485028,0.96276104,0.0,0.0,1.7308983,0.25
1.6575718,0.0,0.0,0.5099951,0.654348,0.0,1.9563693,0.0,2.4639976,0.0,0.0,1.900787,0.0,0.76818705,0.0,0.36993405,0.2618704,0.0,0.0,0.37732002,0.0,0.0,0.0,0.0,0.0,0.0,0.0,0.0,0.39181897,0.051089015,0.19848794,0.0,0.023671642,0.0,0.0,3.0212433,0.0,2.3784277,0.0,0.0,0.0,0.5803448,0.0,4.8960614,0.0,2.183058,1.2951052,1.7555295,0.6913195,0.0,0.0,0.6889447,0.0,0.0,0.0,0.0,1.2697443,0.0,0.0,0.45108745,0.8064711,0.0,0.0,1.4820362,0.0
0.003986817,0.0,0.0,1.8128544,2.516666,0.0,0.0,0.0,0.61880577,0.0,1.5325513,0.0,0.0,2.5329926,0.0,3.49143,0.5560746,0.0,0.0,0.8499001,0.0,0.0,0.0,0.0,0.0,0.0,0.0,0.0,0.8095889,0.06538909,0.43937603,0.0,0.93004775,0.0,0.0,1.8804654,0.0,0.5850341,0.0,1.1828532,0.0,2.3080506,1.5743868,2.9831345,0.0,1.3090916,1.1058671,1.1958853,0.7728338,0.0,0.0,0.7994443,0.0,0.0,0.0,0.0,1.4878786,0.0,0.0,0.6636242,0.90333104,0.0,0.0,1.7243618,0.5
0.45822218,0.0,0.0,1.7029722,2.094094,0.0,0.47150034,0.0,1.2085441,0.0,1.1069331,0.60415876,0.0,2.2997587,0.0,2.613339,0.4321699,0.0,0.0,0.5705976,0.0,0.0,0.0,0.0,0.0,0.0,0.0,0.0,0.70060724,0.021471646,0.24184564,0.0,0.22401233,0.0,0.0,2.4900327,0.0,1.3022709,0.0,0.5431287,0.0,1.7118324,0.7265932,3.9459643,0.0,1.7113329,1.1717107,1.5738426,0.7760126,0.0,0.0,0.76301956,0.0,0.0,0.0,0.0,1.4020586,0.0,0.0,0.6143587,0.9071248,0.0,0.0,1.5922571,0.25
1.9107847,0.0,0.0,0.5665368,0.6358147,0.0,2.431471,0.0,3.0268676,0.0,0.0,2.1362102,0.0,0.86331725,0.0,0.12874961,0.5948499,0.0,0.0,0.8332424,0.0,0.0,0.0,0.0,0.0,0.0,0.0,0.0,0.76395994,0.10695323,0.4541641,0.0,0.2017201,0.0,0.0,2.7988317,0.0,1.7041819,0.0,0.20567338,0.0,1.014293,0.21735589,4.854397,0.0,2.2590556,1.6451948,2.2331102,0.774978,0.0,0.0,0.8194401,0.0,0.0,0.0,0.0,1.5099804,0.0,0.0,0.65205127,0.8784298,0.0,0.0,1.6893225,0.0
1.1221219,0.0,0.0,1.0300198,1.286906,0.0,1.2777481,0.0,1.8337744,0.0,0.14043453,1.090906,0.0,1.2553048,0.0,1.6854293,0.09365227,0.0,0.0,0.27500305,0.0,0.0,0.0,0.0,0.0,0.0,0.0,0.0,0.113538995,0.0,0.008810434,0.0,0.5280903,0.0,0.0,2.7032354,0.0,1.7710533,0.0,0.19986878,0.0,0.88464826,0.23974846,4.4010997,0.0,2.1057346,1.6742214,1.9526933,0.73851234,0.0,0.0,0.73051697,0.0,0.0,0.0,0.0,1.3571613,0.0,0.0,0.60349435,0.8435055,0.0,0.0,1.6170498,0.0
0.46309552,0.0,0.0,1.5389102,2.1116252,0.0,0.21155171,0.0,0.88984036,0.0,1.3812411,0.39134517,0.0,2.1338263,0.0,3.1193624,0.22496541,0.0,0.0,0.35830146,0.0,0.0,0.0,0.0,0.0,0.0,0.0,0.0,0.31749228,0.0,0.1538435,0.0,1.3982574,0.0,0.0,1.5524577,0.0,0.6381982,0.0,1.4345058,0.0,2.6853735,1.8409235,2.2096505,0.0,1.0533415,0.8340181,0.7774362,0.6779868,0.0,0.0,0.68014216,0.0,0.0,0.0,0.0,1.2084376,0.0,0.0,0.45756924,0.8057054,0.0,0.0,1.5136243,0.5
0.64775187,0.0,0.0,1.5085682,1.9845046,0.0,0.5680004,0.0,1.2238959,0.0,1.2587256,0.6224527,0.0,2.207885,0.0,2.8531995,0.40338966,0.0,0.0,0.62939477,0.0,0.0,0.0,0.0,0.0,0.0,0.0,0.0,0.7373306,0.007683906,0.35302708,0.0,1.6235408,0.0,0.0,0.4876867,0.0,0.0,0.0,2.3390734,0.0,4.035386,2.992856,0.61071414,0.0,0.16442533,0.3093931,0.29292944,0.8918654,0.0,0.0,0.99589145,0.0,0.0,0.0,0.0,1.6380336,0.0,0.0,0.60793525,1.026012,0.0,0.0,1.8060423,0.25
1.9348049,0.0,0.0,0.5770518,0.53132486,0.0,2.3055735,0.0,2.9142017,0.0,0.0,2.045809,0.0,0.8179849,0.0,0.19447932,0.309714,0.0,0.0,0.5378854,0.0,0.0,0.0,0.0,0.0,0.0,0.0,0.0,0.40906084,0.008734698,0.27049303,0.0,0.44458467,0.0,0.0,1.9926176,0.0,0.84052396,0.0,0.95462006,0.0,1.7358252,0.94451004,3.4588945,0.0,1.4397188,1.128702,1.5577977,0.8609764,0.0,0.0,0.9040239,0.0,0.0,0.0,0.0,1.5763366,0.0,0.0,0.62310785,0.9478165,0.0,0.0,1.7489265,0.0
2.0562468,0.0,0.0,0.22477952,0.17128737,0.0,2.4191465,0.0,3.0456262,0.0,0.0,2.2434735,0.0,0.40592325,0.0,0.0,0.3441109,0.0,0.0,0.64034855,0.0,0.0,0.0,0.0,0.0,0.0,0.0,0.0,0.5534039,0.095957555,0.303935,0.0,0.025534809,0.0,0.0,2.1266148,0.0,1.202364,0.0,0.43353105,0.0,0.68112606,0.17919691,3.8732865,0.0,1.930152,1.4421096,1.8998176,0.7886259,0.0,0.0,0.80683804,0.0,0.0,0.0,0.0,1.3979979,0.0,0.0,0.55930054,0.8357408,0.0,0.0,1.5185252,0.0
2.273888,0.0,0.0,0.018522836,0.0,0.0,2.802284,0.0,3.5065727,0.0,0.0,2.6068666,0.0,0.13344122,0.0,0.0,0.30354306,0.0,0.0,0.5015777,0.0,0.0,0.0,0.0,0.0,0.0,0.0,0.0,0.36645436,0.018236045,0.21822257,0.0,0.0,0.0,0.0,2.7838738,0.0,2.0078344,0.0,0.0,0.0,0.25296593,0.0,4.9445195,0.0,2.542106,1.7486701,2.250683,0.69168955,0.0,0.0,0.67994046,0.0,0.0,0.0,0.0,1.2712693,0.0,0.0,0.54604834,0.7489754,0.0,0.0,1.4138209,0.0
1.9557546,0.0,0.0,0.23084748,0.34989458,0.0,2.405967,0.0,2.9561193,0.0,0.0,2.2620692,0.0,0.56946695,0.0,0.40488485,0.4618197,0.0,0.0,0.7388556,0.0,0.0,0.0,0.0,0.0,0.0,0.0,0.0,0.6208213,0.091919646,0.3740797,0.0,0.6329847,0.0,0.0,1.7888154,0.0,0.6009517,0.0,0.9563883,0.0,2.0978918,1.4510181,2.6760106,0.0,1.3324836,1.1030302,1.4749517,0.7483754,0.0,0.0,0.73048294,0.0,0.0,0.0,0.0,1.4565866,0.0,0.0,0.6474884,0.86173433,0.0,0.0,1.6463243,0.0
1.8159126,0.0,0.0,0.4899036,0.522134,0.0,2.032456,0.0,2.7355971,0.0,0.0,1.9334251,0.0,0.6865692,0.0,0.8024566,0.17718229,0.0,0.0,0.40597942,0.0,0.0,0.0,0.0,0.0,0.0,0.0,0.0,0.2353909,0.0,0.13132429,0.0,0.0,0.0,0.0,2.713929,0.0,1.8304029,0.0,0.0,0.0,0.5276092,0.0,4.637878,0.0,2.6130939,1.9246187,2.5084612,0.6722624,0.0,0.0,0.6189467,0.0,0.0,0.0,0.0,1.1637144,0.0,0.0,0.5225976,0.7322909,0.0,0.0,1.308391,0.0
0.9642881,0.0,0.0,1.2986825,1.7382665,0.0,0.65515333,0.0,1.3291519,0.0,1.1833268,0.86200154,0.0,1.8507596,0.0,2.7969098,0.5085186,0.0,0.0,0.69257313,0.0,0.0,0.0,0.0,0.0,0.0,0.0,0.0,0.73073536,0.062309455,0.3796891,0.0,1.3302495,0.0,0.0,1.5667486,0.0,0.438467,0.0,1.6139116,0.0,2.8865764,2.0725596,2.369923,0.0,1.1482524,1.0167775,0.97773904,0.71250206,0.0,0.0,0.7363596,0.0,0.0,0.0,0.0,1.3285215,0.0,0.0,0.5323563,0.84421515,0.0,0.0,1.6029848,1.0
2.4988637,0.0,0.0,0.0,0.0,0.0,3.0813649,0.0,3.7166016,0.0,0.0,2.8340368,0.0,0.0,0.0,0.0,0.2662451,0.0,0.0,0.4436461,0.0,0.0,0.0,0.0,0.0,0.0,0.0,0.0,0.3352324,0.023810063,0.1905604,0.0,0.0,0.0,0.0,3.0823634,0.0,2.3088386,0.0,0.0,0.0,0.0,0.0,5.4823503,0.0,2.9581823,2.0751357,2.7221246,0.66387683,0.0,0.0,0.63397455,0.0,0.0,0.0,0.0,1.1817137,0.0,0.0,0.5128948,0.6805724,0.0,0.0,1.2996063,0.0
1.6751118,0.0,0.0,0.5712029,0.70756954,0.0,1.9212635,0.0,2.332707,0.0,0.0,1.8653518,0.0,0.75204426,0.0,0.5861045,0.13261755,0.0,0.0,0.20848325,0.0,0.0,0.0,0.0,0.0,0.0,0.0,0.0,0.17371751,0.0,0.0818138,0.0,0.0,0.0,0.0,3.0113916,0.0,2.186668,0.0,0.0,0.0,0.85697234,0.0,4.569226,0.0,2.1131535,1.2634614,1.91617,0.6994671,0.0,0.0,0.6745235,0.0,0.0,0.0,0.0,1.2508171,0.0,0.0,0.46746388,0.8532859,0.0,0.0,1.4523358,0.0
1.2665539,0.0,0.0,0.98674667,1.2297187,0.0,1.2262692,0.0,1.7651867,0.0,0.40040484,1.3332673,0.0,1.4899343,0.0,1.4815029,0.6694599,0.0,0.0,0.92366505,0.0,0.0,0.0,0.0,0.0,0.0,0.0,0.0,1.0641752,0.2800115,0.5812931,0.0,0.37025,0.0,0.0,1.7854093,0.0,0.7522771,0.0,1.0603467,0.0,2.1608536,1.338492,2.8812034,0.0,1.0103594,0.65888816,0.93056947,0.8254684,0.0,0.0,0.89794457,0.0,0.0,0.0,0.0,1.550276,0.0,0.0,0.5366704,0.96442986,0.0,0.0,1.7308158,0.5
0.40083292,0.0,0.0,1.6900184,2.238791,0.0,0.2966217,0.0,0.9980847,0.0,1.3974607,0.28637105,0.0,2.3236718,0.0,2.840817,0.77079654,0.0,0.0,1.025016,0.0,0.0,0.0,0.0,0.0,0.0,0.0,0.0,1.1001837,0.103668265,0.52547073,0.0,0.7784614,0.0,0.0,1.8357455,0.0,0.7665215,0.0,0.97238976,0.0,2.234306,1.3542149,2.967863,0.0,1.3260955,1.0675182,1.1665103,0.7695644,0.0,0.0,0.8047397,0.0,0.0,0.0,0.0,1.5138953,0.0,0.0,0.6293748,0.8807725,0.0,0.0,1.7115732,0.75
0.5337536,0.0,0.0,1.5043198,2.0219204,0.0,0.31389695,0.0,0.97127396,0.0,1.3855352,0.53364515,0.0,2.1350946,0.0,3.0638928,0.225183,0.0,0.0,0.33261564,0.0,0.0,0.0,0.0,0.0,0.0,0.0,0.0,0.30248836,0.0,0.119352266,0.0,1.3758026,0.0,0.0,1.61326,0.0,0.5605772,0.0,1.6051701,0.0,2.8423312,1.998163,2.3651295,0.0,1.0925255,0.8534276,0.8729337,0.7027153,0.0,0.0,0.70160365,0.0,0.0,0.0,0.0,1.2606498,0.0,0.0,0.4826256,0.8214931,0.0,0.0,1.5504643,0.5
0.77585524,0.0,0.0,1.4810855,1.6775575,0.0,1.0338238,0.0,1.7150502,0.0,1.1945785,0.91697514,0.0,1.9353395,0.0,2.3445535,0.70096743,0.0,0.0,1.0014312,0.0,0.0,0.0,0.0,0.0,0.0,0.0,0.0,1.1443497,0.06314961,0.5578325,0.0,1.0260671,0.0,0.0,0.9450869,0.0,0.0,0.0,2.2049873,0.0,3.4609334,2.4813774,1.5882833,0.0,0.5184088,0.6221202,0.86917466,0.9784303,0.0,0.0,1.0968344,0.0,0.0,0.0,0.0,1.9292358,0.0,0.0,0.79308784,1.1043303,0.0,0.0,1.9871638,0.0
1.8900958,0.0,0.0,0.12204247,0.27631512,0.0,2.468425,0.0,2.969988,0.0,0.0,2.1898077,0.0,0.34949645,0.0,0.0020081159,0.20658746,0.0,0.0,0.38054538,0.0,0.0,0.0,0.0,0.0,0.0,0.0,0.0,0.4360874,0.0,0.1700941,0.0,0.0,0.0,0.0,2.5799212,0.0,1.4745923,0.0,0.15892564,0.0,0.17427772,0.0,4.6691604,0.0,2.1726427,1.626002,2.039951,0.8229793,0.0,0.0,0.85563385,0.0,0.0,0.0,0.0,1.4899595,0.0,0.0,0.6598464,0.8786719,0.0,0.0,1.5177902,0.0
1.7557925,0.0,0.0,0.54527265,0.6247034,0.0,2.0380187,0.0,2.5746827,0.0,0.0,1.9652983,0.0,0.79518956,0.0,0.34368554,0.2204854,0.0,0.0,0.29348776,0.0,0.0,0.0,0.0,0.0,0.0,0.0,0.0,0.31367764,0.020711552,0.15714452,0.0,0.0,0.0,0.0,3.2602775,0.0,2.5707793,0.0,0.0,0.0,0.33078945,0.0,5.3435435,0.0,2.3941221,1.5041434,2.0021467,0.693562,0.0,0.0,0.6899546,0.0,0.0,0.0,0.0,1.2689322,0.0,0.0,0.44738743,0.8096505,0.0,0.0,1.4812406,0.0
2.0193238,0.0,0.0,0.45330757,0.42588764,0.0,2.6628957,0.0,3.2240248,0.0,0.0,2.2928612,0.0,0.6146755,0.0,0.0,0.15549086,0.0,0.0,0.33678553,0.0,0.0,0.0,0.0,0.0,0.0,0.0,0.0,0.16579327,0.0,0.12734017,0.0,0.29411274,0.0,0.0,2.550722,0.0,1.4577663,0.0,0.3655631,0.0,0.9642546,0.24066748,4.552894,0.0,1.903929,1.4278194,1.9448713,0.77663696,0.0,0.0,0.7939417,0.0,0.0,0.0,0.0,1.3879211,0.0,0.0,0.5659141,0.84127903,0.0,0.0,1.5823048,0.0
1.4110006,0.0,0.0,0.8908614,0.85177636,0.0,1.9197083,0.0,2.660233,0.0,0.28506276,1.7051367,0.0,0.87126887,0.0,0.93170625,0.092843756,0.0,0.0,0.11523457,0.0,0.0,0.0,0.0,0.0,0.0,0.0,0.0,0.07844785,0.0,0.015556308,0.0,0.5024725,0.0,0.0,2.4187996,0.0,1.4540616,0.0,0.7938743,0.0,1.6691183,0.5578617,4.090001,0.0,1.6352602,1.4095407,1.6951323,0.753125,0.0,0.0,0.7795342,0.0,0.0,0.0,0.0,1.4440594,0.0,0.0,0.62989336,0.87489563,0.0,0.0,1.5669903,0.0
2.1041217,0.0,0.0,0.19076276,0.16327722,0.0,2.5392807,0.0,3.1196733,0.0,0.0,2.3360689,0.0,0.3667276,0.0,0.0,0.10631859,0.0,0.0,0.3083609,0.0,0.0,0.0,0.0,0.0,0.0,0.0,0.0,0.06882164,0.0,0.08679878,0.0,0.053602867,0.0,0.0,2.557873,0.0,1.6709963,0.0,0.07670809,0.0,0.7482674,0.0,4.420753,0.0,2.2979274,1.696525,2.363453,0.67802846,0.0,0.0,0.63459027,0.0,0.0,0.0,0.0,1.1920476,0.0,0.0,0.5450279,0.7605826,0.0,0.0,1.3198569,0.0
1.3611953,0.0,0.0,0.5083679,0.7250507,0.0,1.5778537,0.0,2.0445838,0.0,0.033708703,1.4941994,0.0,0.8253034,0.0,0.93966866,0.16693875,0.0,0.0,0.39543286,0.0,0.0,0.0,0.0,0.0,0.0,0.0,0.0,0.23404191,0.0,0.14756307,0.0,0.3820542,0.0,0.0,2.1660795,0.0,0.9895065,0.0,0.56876737,0.0,0.7388059,0.45062226,3.4938316,0.0,1.8982825,1.5598412,1.7738537,0.64086604,0.0,0.0,0.625459,0.0,0.0,0.0,0.0,1.2201532,0.0,0.0,0.61451083,0.7016957,0.0,0.0,1.394997,0.25
1.7620387,0.0,0.0,0.68786913,0.8261489,0.0,2.163615,0.0,2.7015548,0.0,0.05938777,1.8339059,0.0,1.0599866,0.0,0.8361912,0.21622503,0.0,0.0,0.40841082,0.0,0.0,0.0,0.0,0.0,0.0,0.0,0.0,0.42604676,0.0,0.18155932,0.0,0.30969298,0.0,0.0,2.0953133,0.0,0.596905,0.0,1.048685,0.0,1.7985158,0.964129,3.4497266,0.0,1.4237419,1.1762993,1.5243148,0.98107964,0.0,0.0,1.0675576,0.0,0.0,0.0,0.0,1.8375859,0.0,0.0,0.7655254,1.084119,0.0,0.0,1.892788,0.0
0.9383545,0.0,0.0,1.247404,1.5000551,0.0,0.80374575,0.0,1.5531979,0.0,1.0869931,0.91261065,0.0,1.5211813,0.0,2.35428,0.63991,0.0,0.0,0.85287166,0.0,0.0,0.0,0.0,0.0,0.0,0.0,0.0,0.9431843,0.03962202,0.47057608,0.0,0.95859545,0.0,0.0,1.7015806,0.0,0.5115096,0.0,1.3114649,0.0,2.279738,1.6251023,2.8061805,0.0,1.2865175,1.2481146,1.1789224,0.77154374,0.0,0.0,0.7742118,0.0,0.0,0.0,0.0,1.4619911,0.0,0.0,0.6628123,0.8827368,0.0,0.0,1.6792655,0.25
1.1850084,0.0,0.0,0.9204532,1.2519758,0.0,1.6379274,0.0,2.2685356,0.0,0.44522932,1.385704,0.0,1.3547184,0.0,1.2098997,0.22815926,0.0,0.0,0.3775609,0.0,0.0,0.0,0.0,0.0,0.0,0.0,0.0,0.39331093,0.0,0.19190559,0.0,0.27748573,0.0,0.0,2.2482498,0.0,0.91297925,0.0,0.85215193,0.0,1.5960717,0.79178315,3.8515823,0.0,1.4246801,1.0811477,1.4079665,0.8845101,0.0,0.0,0.95156026,0.0,0.0,0.0,0.0,1.6445266,0.0,0.0,0.69753116,0.9987232,0.0,0.0,1.7360561,0.25
0.32863218,0.0,0.0,1.9836457,2.4586298,0.0,0.0,0.0,0.637314,0.0,1.6948254,0.09549374,0.0,2.7034547,0.0,3.70667,0.349884,0.0,0.0,0.55873144,0.0,0.0,0.0,0.0,0.0,0.0,0.0,0.0,0.5109431,0.01803112,0.30654162,0.0,1.2149606,0.0,0.0,1.6912316,0.0,0.49420854,0.0,1.6149969,0.0,2.6998534,1.8683647,2.6394,0.0,1.2413882,1.1373618,1.0936075,0.71825504,0.0,0.0,0.7412223,0.0,0.0,0.0,0.0,1.3123331,0.0,0.0,0.51923573,0.8374302,0.0,0.0,1.5787095,0.75
1.6470857,0.0,0.0,0.46480092,0.5921658,0.0,1.9955794,0.0,2.616625,0.0,0.0,1.8904294,0.0,0.8069355,0.0,0.5185675,0.15449814,0.0,0.0,0.35563612,0.0,0.0,0.0,0.0,0.0,0.0,0.0,0.0,0.10907922,0.0,0.1137024,0.0,0.28132612,0.0,0.0,2.134734,0.0,1.1956224,0.0,0.4636742,0.0,1.3850857,0.47419366,3.7290568,0.0,1.8240749,1.3443197,1.9039966,0.6936292,0.0,0.0,0.6409331,0.0,0.0,0.0,0.0,1.2199957,0.0,0.0,0.5478788,0.7733845,0.0,0.0,1.3499728,0.0
1.3089933,0.0,0.0,0.72991407,0.96865404,0.0,1.8065246,0.0,2.510498,0.0,0.0,1.6694012,0.0,1.1417645,0.0,0.5824145,0.33883214,0.0,0.0,0.5252447,0.0,0.0,0.0,0.0,0.0,0.0,0.0,0.0,0.4141554,0.016110282,0.21549317,0.0,0.10757361,0.0,0.0,2.732169,0.0,1.7907262,0.0,0.07006745,0.0,0.69014055,0.0025616116,4.7834325,0.0,2.2421794,1.4861845,1.9494852,0.7451424,0.0,0.0,0.75081056,0.0,0.0,0.0,0.0,1.4125972,0.0,0.0,0.6059358,0.83215225,0.0,0.0,1.576404,0.0
1.5360436,0.0,0.0,0.8037314,0.76086766,0.0,1.9793117,0.0,2.5542192,0.0,0.27046677,1.725331,0.0,0.9232782,0.0,1.0434296,0.3612645,0.0,0.0,0.5321997,0.0,0.0,0.0,0.0,0.0,0.0,0.0,0.0,0.60326755,0.0,0.23803554,0.0,0.83201045,0.0,0.0,1.4836857,0.0,0.34409714,0.0,1.4834276,0.0,2.4877732,1.6395302,2.460996,0.0,1.0156759,0.94797605,1.3255736,0.9416855,0.0,0.0,1.0351555,0.0,0.0,0.0,0.0,1.8058314,0.0,0.0,0.7230405,1.0656956,0.0,0.0,1.9112111,0.0
1.7123742,0.0,0.0,0.46529374,0.5998192,0.0,1.9716146,0.0,2.3020852,0.0,0.0,1.8461975,0.0,0.7247629,0.0,0.583745,0.2851473,0.0,0.0,0.43949917,0.0,0.0,0.0,0.0,0.0,0.0,0.0,0.0,0.45113513,0.088024475,0.22568537,0.0,0.0,0.0,0.0,2.901107,0.0,1.9285231,0.0,0.00035230815,0.0,0.64598936,0.03518061,4.0558286,0.0,2.1218,1.355712,1.9038545,0.65796787,0.0,0.0,0.66318524,0.0,0.0,0.0,0.0,1.2321193,0.0,0.0,0.4805908,0.81595427,0.0,0.0,1.4420675,0.0
2.0669794,0.0,0.0,0.11626571,0.0950608,0.0,2.6026852,0.0,3.242598,0.0,0.0,2.4252465,0.0,0.28708246,0.0,0.0,0.29265216,0.0,0.0,0.465436,0.0,0.0,0.0,0.0,0.0,0.0,0.0,0.0,0.35914776,0.037493583,0.21010381,0.0,0.0,0.0,0.0,2.7655795,0.0,1.9177724,0.0,0.0,0.0,1.6503735e-05,0.0,4.9763494,0.0,2.6083496,1.8570188,2.4271362,0.66162574,0.0,0.0,0.6250591,0.0,0.0,0.0,0.0,1.1683916,0.0,0.0,0.5070227,0.666561,0.0,0.0,1.2795521,0.0
2.3075242,0.0,0.0,0.0,0.0,0.0,2.8531334,0.0,3.5010617,0.0,0.0,2.6260402,0.0,0.055135053,0.0,0.0,0.2873827,0.0,0.0,0.47889534,0.0,0.0,0.0,0.0,0.0,0.0,0.0,0.0,0.3547512,0.02717619,0.20397224,0.0,0.0,0.0,0.0,2.942312,0.0,2.1564424,0.0,0.0,0.0,0.0,0.0,5.2148337,0.0,2.736895,1.9202155,2.4741642,0.6705392,0.0,0.0,0.6469799,0.0,0.0,0.0,0.0,1.209074,0.0,0.0,0.5255185,0.70872986,0.0,0.0,1.3409845,0.0
0.8627065,0.0,0.0,1.1981652,1.4778357,0.0,0.92686194,0.0,1.4292238,0.0,0.4916291,0.9719214,0.0,1.6984663,0.0,1.6655517,0.35377297,0.0,0.0,0.57129306,0.0,0.0,0.0,0.0,0.0,0.0,0.0,0.0,0.63924414,0.15738063,0.322886,0.0,0.2836892,0.0,0.0,1.9651061,0.0,1.107614,0.0,0.7622137,0.0,1.7312511,0.9058644,3.1218226,0.0,1.1034483,0.6051616,0.9347739,0.8043446,0.0,0.0,0.8479535,0.0,0.0,0.0,0.0,1.4501324,0.0,0.0,0.47901222,0.9292662,0.0,0.0,1.6526607,0.5
2.1233253,0.0,0.0,0.058297798,0.224663,0.0,2.3665233,0.0,2.9962964,0.0,0.0,2.3948524,0.0,0.22741762,0.0,0.0,0.41257924,0.0,0.0,0.49213108,0.0,0.0,0.0,0.0,0.0,0.0,0.0,0.0,0.5428507,0.0,0.23784947,0.0,0.83255464,0.0,0.0,1.7115155,0.0,0.7670514,0.0,0.85547715,0.0,2.2631493,1.410479,2.8130894,0.0,1.0981677,0.8139642,1.0538237,0.74394023,0.0,0.0,0.7105072,0.0,0.0,0.0,0.0,1.4432964,0.0,0.0,0.61031467,0.80179775,0.0,0.0,1.6115752,0.0
1.2288449,0.0,0.0,0.6073595,0.8394111,0.0,1.3441861,0.0,1.9731474,0.0,0.16458967,1.2821735,0.0,0.75800735,0.0,1.175897,0.10300303,0.0,0.0,0.32162762,0.0,0.0,0.0,0.0,0.0,0.0,0.0,0.0,0.118380114,0.0,0.062349435,0.0,0.17654647,0.0,0.0,2.5229156,0.0,1.6922096,0.0,0.0,0.0,0.20848644,0.0,4.2333355,0.0,2.3084836,1.7423222,1.9338934,0.6454077,0.0,0.0,0.6128566,0.0,0.0,0.0,0.0,1.146406,0.0,0.0,0.5458176,0.6953025,0.0,0.0,1.3425809,0.0
0.36880323,0.0,0.0,1.8478183,2.4390006,0.0,0.18574427,0.0,0.8712074,0.0,1.833853,0.2978561,0.0,2.7774372,0.0,3.5462387,0.7407322,0.0,0.0,1.0811977,0.0,0.0,0.0,0.0,0.0,0.0,0.0,0.0,1.2538106,0.17140013,0.6457289,0.0,1.7830752,0.0,0.0,0.12838015,0.0,0.0,0.0,3.0378058,0.0,4.944112,3.7606227,0.067536116,0.0,0.0,0.08724952,0.09954922,0.95452195,0.0,0.0,1.0837556,0.0,0.0,0.0,0.0,1.823204,0.0,0.0,0.71209866,1.092156,0.0,0.0,1.9462241,0.5
1.9262959,0.0,0.0,0.23930599,0.3468095,0.0,2.4185514,0.0,2.9821124,0.0,0.0,2.2033718,0.0,0.40944257,0.0,0.1165686,0.08630683,0.0,0.0,0.16636422,0.0,0.0,0.0,0.0,0.0,0.0,0.0,0.0,0.15754643,0.0,0.05958085,0.0,0.0,0.0,0.0,3.278395,0.0,2.3763573,0.0,0.0,0.0,0.0,0.0,5.707191,0.0,2.7584956,2.0795717,2.5547736,0.7268906,0.0,0.0,0.7431256,0.0,0.0,0.0,0.0,1.3504921,0.0,0.0,0.6320005,0.8058068,0.0,0.0,1.3946625,0.0
1.9529814,0.0,0.0,0.44829586,0.4378576,0.0,2.565222,0.0,3.1325083,0.0,0.0,2.2073638,0.0,0.622402,0.0,0.0,0.23391116,0.0,0.0,0.37919143,0.0,0.0,0.0,0.0,0.0,0.0,0.0,0.0,0.23621424,0.0,0.13929255,0.0,0.12852637,0.0,0.0,3.0666513,0.0,2.2162106,0.0,0.0,0.0,0.41347742,0.0,5.2747703,0.0,2.490184,1.7464176,2.3679545,0.73669577,0.0,0.0,0.75106883,0.0,0.0,0.0,0.0,1.3786899,0.0,0.0,0.57988334,0.82703716,0.0,0.0,1.5846264,0.0
2.2240248,0.0,0.0,0.119796716,0.06798167,0.0,2.6573122,0.0,3.2852712,0.0,0.0,2.4639995,0.0,0.2617834,0.0,0.0,0.118945725,0.0,0.0,0.32435703,0.0,0.0,0.0,0.0,0.0,0.0,0.0,0.0,0.08885656,0.0,0.09979139,0.0,0.07559983,0.0,0.0,2.4414833,0.0,1.581644,0.0,0.20973878,0.0,0.8838688,0.0448641,4.2613397,0.0,2.2474794,1.63892,2.294087,0.6841564,0.0,0.0,0.63458455,0.0,0.0,0.0,0.0,1.1998118,0.0,0.0,0.5462821,0.75674224,0.0,0.0,1.321362,0.0
1.605073,0.0,0.0,0.5198371,0.6847936,0.0,1.8994561,0.0,2.3802114,0.0,0.0,1.8402034,0.0,0.7681508,0.0,0.40022478,0.27900577,0.0,0.0,0.36842123,0.0,0.0,0.0,0.0,0.0,0.0,0.0,0.0,0.39689848,0.055080507,0.2019918,0.0,0.026082352,0.0,0.0,3.0520375,0.0,2.4798508,0.0,0.0,0.0,0.43608856,0.0,4.9138184,0.0,2.202185,1.353146,1.7925935,0.6739018,0.0,0.0,0.67860234,0.0,0.0,0.0,0.0,1.2359229,0.0,0.0,0.43224618,0.7957773,0.0,0.0,1.4614378,0.25
0.0,0.0,0.0,2.033607,2.721071,0.0,0.0,0.0,0.39866292,0.0,1.7060761,0.0,0.0,2.8159678,0.0,3.7639647,0.49851343,0.0,0.0,0.79344594,0.0,0.0,0.0,0.0,0.0,0.0,0.0,0.0,0.72201985,0.058335293,0.4057117,0.0,0.9095729,0.0,0.0,1.8016856,0.0,0.4497207,0.0,1.2386122,0.0,2.3360674,1.4967743,2.8696506,0.0,1.2434014,1.0701494,1.1387588,0.76155436,0.0,0.0,0.77028906,0.0,0.0,0.0,0.0,1.4492266,0.0,0.0,0.6523848,0.8650704,0.0,0.0,1.6551524,0.75
1.3792932,0.0,0.0,0.5648131,0.7695211,0.0,1.4673768,0.0,2.0203543,0.0,0.14949355,1.4020966,0.0,0.7705797,0.0,1.1774623,0.09386852,0.0,0.0,0.28878707,0.0,0.0,0.0,0.0,0.0,0.0,0.0,0.0,0.10588312,0.0,0.052577056,0.0,0.20969929,0.0,0.0,2.673092,0.0,1.7637842,0.0,0.0,0.0,0.17517433,0.0,4.4612,0.0,2.4009762,1.8918343,2.1425478,0.6577649,0.0,0.0,0.62853634,0.0,0.0,0.0,0.0,1.1717072,0.0,0.0,0.5455573,0.7079322,0.0,0.0,1.3564144,0.0
1.9229407,0.0,0.0,0.22656253,0.26197082,0.0,2.1779914,0.0,2.6292334,0.0,0.0,2.0833268,0.0,0.35688528,0.0,0.2038931,0.0,0.0,0.0,0.083351046,0.0,0.0,0.0,0.0,0.0,0.0,0.0,0.0,0.0,0.0,0.0,0.0,0.238814,0.0,0.0,2.7504613,0.0,1.7074853,0.0,0.053819105,0.0,0.29400134,0.0,4.6580834,0.0,2.4145954,1.8469346,2.330039,0.6680735,0.0,0.0,0.629217,0.0,0.0,0.0,0.0,1.1941252,0.0,0.0,0.5860783,0.7127016,0.0,0.0,1.35082,0.0
2.2864866,0.0,0.0,0.081841104,0.017727623,0.0,2.777007,0.0,3.40408,0.0,0.0,2.5571563,0.0,0.18420167,0.0,0.0,0.10866777,0.0,0.0,0.30558932,0.0,0.0,0.0,0.0,0.0,0.0,0.0,0.0,0.087165415,0.0,0.08770495,0.0,0.0,0.0,0.0,2.5914035,0.0,1.7366877,0.0,0.117876515,0.0,0.69062287,0.0,4.51799,0.0,2.452145,1.7413176,2.4657624,0.6931487,0.0,0.0,0.63654363,0.0,0.0,0.0,0.0,1.2139959,0.0,0.0,0.55681425,0.7607124,0.0,0.0,1.3284478,0.0
1.4323859,0.0,0.0,0.46408883,0.6358688,0.0,1.4496102,0.0,2.058683,0.0,0.1345003,1.4143242,0.0,0.6229094,0.0,0.98421896,0.09637373,0.0,0.0,0.28173655,0.0,0.0,0.0,0.0,0.0,0.0,0.0,0.0,0.08828114,0.0,0.06528275,0.0,0.22052602,0.0,0.0,2.3243191,0.0,1.4738038,0.0,0.090550646,0.0,0.26201823,0.0,3.9709864,0.0,2.1674786,1.7490149,1.9369584,0.62681556,0.0,0.0,0.57899654,0.0,0.0,0.0,0.0,1.0720325,0.0,0.0,0.49834004,0.6422746,0.0,0.0,1.2394828,0.0
2.2949843,0.0,0.0,0.06597928,0.14271195,0.0,2.8090522,0.0,3.5785089,0.0,0.0,2.6330864,0.0,0.17501289,0.0,0.0,0.3163125,0.0,0.0,0.58981174,0.0,0.0,0.0,0.0,0.0,0.0,0.0,0.0,0.40549186,0.055916008,0.26780063,0.0,0.2510115,0.0,0.0,1.842983,0.0,0.8448487,0.0,0.8692105,0.0,1.3496423,0.8454788,3.5965679,0.0,1.5496739,1.1354026,1.4715296,0.78305227,0.0,0.0,0.7911861,0.0,0.0,0.0,0.0,1.3770386,0.0,0.0,0.5839507,0.8255196,0.0,0.0,1.5357187,0.0
0.016345005,0.0,0.0,2.0274427,2.547061,0.0,0.0,0.0,0.6172872,0.0,2.0023086,0.03790916,0.0,2.670515,0.0,3.7376156,0.41882786,0.0,0.0,0.5928333,0.0,0.0,0.0,0.0,0.0,0.0,0.0,0.0,0.48501512,0.02399519,0.31585938,0.0,1.1902655,0.0,0.0,1.663081,0.0,0.0,0.0,1.6312584,0.0,2.9035556,2.0266366,2.2549968,0.0,1.0531715,0.9277309,0.89080036,0.7116379,0.0,0.0,0.7141763,0.0,0.0,0.0,0.0,1.2957984,0.0,0.0,0.5239384,0.7705953,0.0,0.0,1.5087081,0.5
1.6119261,0.0,0.0,0.8806046,0.99775577,0.0,1.9086002,0.0,2.4880505,0.0,0.0,1.6583401,0.0,1.2292211,0.0,0.8367237,0.34115562,0.0,0.0,0.4595258,0.0,0.0,0.0,0.0,0.0,0.0,0.0,0.0,0.5943732,0.0,0.24627633,0.0,0.64590836,0.0,0.0,2.214889,0.0,1.1466329,0.0,1.1115236,0.0,2.2906582,1.1611056,3.504796,0.0,1.3338656,1.2013655,1.2405051,0.7646819,0.0,0.0,0.82008934,0.0,0.0,0.0,0.0,1.4133217,0.0,0.0,0.60548,0.9028274,0.0,0.0,1.5733477,0.25
2.3924608,0.0,0.0,0.0,0.0,0.0,3.040939,0.0,3.714982,0.0,0.0,2.7833536,0.0,0.0,0.0,0.0,0.2600905,0.0,0.0,0.5118767,0.0,0.0,0.0,0.0,0.0,0.0,0.0,0.0,0.39834365,0.030300181,0.2086432,0.0,0.0,0.0,0.0,2.4149146,0.0,1.5665072,0.0,0.251499,0.0,0.46441332,0.00827877,4.562081,0.0,2.1934621,1.5092261,2.0070834,0.74746144,0.0,0.0,0.74046195,0.0,0.0,0.0,0.0,1.3209193,0.0,0.0,0.5540957,0.7932791,0.0,0.0,1.4533921,0.0
2.281374,0.0,0.0,0.18151566,0.024257401,0.0,2.6209645,0.0,3.2331324,0.0,0.0,2.4430835,0.0,0.31814954,0.0,0.0,0.3264618,0.0,0.0,0.5981246,0.0,0.0,0.0,0.0,0.0,0.0,0.0,0.0,0.47402,0.076166846,0.28840888,0.0,0.083025314,0.0,0.0,2.033605,0.0,0.92427546,0.0,0.76233083,0.0,0.9916427,0.43421024,3.7590225,0.0,1.7767816,1.4030225,1.8913498,0.8006677,0.0,0.0,0.80865896,0.0,0.0,0.0,0.0,1.4130177,0.0,0.0,0.5718758,0.82759464,0.0,0.0,1.511813,0.0
1.6680214,0.0,0.0,0.55418456,0.7918042,0.0,1.8964856,0.0,2.6367397,0.0,0.063799806,1.8972185,0.0,1.0615053,0.0,0.98624396,0.54510176,0.0,0.0,0.7821137,0.0,0.0,0.0,0.0,0.0,0.0,0.0,0.0,0.6599951,0.11525897,0.4505216,0.0,0.74430245,0.0,0.0,1.3528293,0.0,0.0,0.0,1.5487617,0.0,2.55714,1.8687139,2.0305364,0.0,1.2257825,0.95590454,1.2740983,0.73457855,0.0,0.0,0.71734333,0.0,0.0,0.0,0.0,1.3822474,0.0,0.0,0.6212524,0.8103019,0.0,0.0,1.4993087,0.0
2.1160488,0.0,0.0,0.35208097,0.20816411,0.0,2.3146923,0.0,2.773877,0.0,0.0,2.113815,0.0,0.35323635,0.0,0.27063748,0.24567096,0.0,0.0,0.3612698,0.0,0.0,0.0,0.0,0.0,0.0,0.0,0.0,0.35118043,0.0,0.14467177,0.0,0.88139635,0.0,0.0,1.7856473,0.0,0.59140104,0.0,1.2869252,0.0,1.7926298,1.3566198,2.8887186,0.0,1.389336,1.2867109,1.3761503,0.68539083,0.0,0.0,0.6761641,0.0,0.0,0.0,0.0,1.3410408,0.0,0.0,0.65561014,0.801874,0.0,0.0,1.5741463,0.0
0.40488186,0.0,0.0,1.8893182,2.412374,0.0,0.22167806,0.0,0.896315,0.0,1.7800536,0.29371017,0.0,2.791648,0.0,3.516331,0.6744306,0.0,0.0,1.0141401,0.0,0.0,0.0,0.0,0.0,0.0,0.0,0.0,1.1524255,0.14400385,0.60322386,0.0,1.72107,0.0,0.0,0.18440422,0.0,0.0,0.0,2.9804804,0.0,4.8187017,3.65264,0.2146393,0.0,0.0,0.16565096,0.16725747,0.9517313,0.0,0.0,1.079299,0.0,0.0,0.0,0.0,1.8080728,0.0,0.0,0.701602,1.086339,0.0,0.0,1.9280552,0.75
1.3010784,0.0,0.0,1.1741393,1.5143943,0.0,1.2348205,0.0,1.8530602,0.0,0.96027565,1.2580917,0.0,1.7965896,0.0,2.2612824,0.6828483,0.0,0.0,1.0057628,0.0,0.0,0.0,0.0,0.0,0.0,0.0,0.0,1.1506803,0.12339035,0.587331,0.0,1.6721569,0.0,0.0,0.29695347,0.0,0.0,0.0,2.806012,0.0,4.66288,3.5208938,0.3634898,0.0,0.054919265,0.30661488,0.2887483,0.94990784,0.0,0.0,1.0841755,0.0,0.0,0.0,0.0,1.8051707,0.0,0.0,0.7058232,1.0912583,0.0,0.0,1.9399778,0.0
2.145145,0.0,0.0,0.33349437,0.28595936,0.0,2.8265643,0.0,3.320661,0.0,0.0,2.3994029,0.0,0.46221346,0.0,0.0,0.24393773,0.0,0.0,0.4414817,0.0,0.0,0.0,0.0,0.0,0.0,0.0,0.0,0.29387453,0.0,0.17128569,0.0,0.21061623,0.0,0.0,2.607743,0.0,1.5903662,0.0,0.32757378,0.0,0.91813195,0.24846844,4.7045255,0.0,1.967918,1.4269571,2.0483005,0.7967545,0.0,0.0,0.8299918,0.0,0.0,0.0,0.0,1.4581997,0.0,0.0,0.5912223,0.89723146,0.0,0.0,1.6656696,0.0
0.9331969,0.0,0.0,1.0485233,1.4866052,0.0,1.1930082,0.0,1.8842802,0.0,0.9938702,1.1561391,0.0,1.6941442,0.0,1.8545667,0.6175149,0.0,0.0,0.923091,0.0,0.0,0.0,0.0,0.0,0.0,0.0,0.0,1.0627397,0.11564161,0.5083658,0.0,0.21561752,0.0,0.0,1.6136731,0.0,0.17023428,0.0,1.1676292,0.0,1.7773306,1.2081985,2.8101192,0.0,1.3470321,1.0375335,1.2790426,0.9678891,0.0,0.0,1.0424783,0.0,0.0,0.0,0.0,1.840331,0.0,0.0,0.7985987,1.0315837,0.0,0.0,1.8352345,0.25
0.49960983,0.0,0.0,1.734184,2.1322246,0.0,0.2564652,0.0,1.0242205,0.0,1.6312208,0.553042,0.0,2.3150942,0.0,3.278901,0.41302073,0.0,0.0,0.6360512,0.0,0.0,0.0,0.0,0.0,0.0,0.0,0.0,0.59854573,0.07699088,0.3216834,0.0,1.027603,0.0,0.0,1.9235847,0.0,0.51290953,0.0,1.309523,0.0,2.3924735,1.6057436,2.8382585,0.0,1.4640445,1.2103298,1.256649,0.69453365,0.0,0.0,0.7023378,0.0,0.0,0.0,0.0,1.2668941,0.0,0.0,0.53257775,0.7656219,0.0,0.0,1.4958403,0.25
2.1934955,0.0,0.0,0.0,0.0,0.0,2.7951403,0.0,3.3825693,0.0,0.0,2.5464213,0.0,0.047279995,0.0,0.0,0.2467977,0.0,0.0,0.4926059,0.0,0.0,0.0,0.0,0.0,0.0,0.0,0.0,0.36056754,0.023227256,0.2005368,0.0,0.0,0.0,0.0,2.3779814,0.0,1.5519365,0.0,0.066787705,0.0,0.2670587,0.0,4.4929757,0.0,2.0920591,1.5376809,1.986296,0.70183545,0.0,0.0,0.6952208,0.0,0.0,0.0,0.0,1.2171531,0.0,0.0,0.50555533,0.7396668,0.0,0.0,1.3575794,0.0
2.1314876,0.0,0.0,0.33009502,0.28606308,0.0,2.7423592,0.0,3.3422694,0.0,0.0,2.4032817,0.0,0.49228343,0.0,0.0,0.21015911,0.0,0.0,0.3697079,0.0,0.0,0.0,0.0,0.0,0.0,0.0,0.0,0.21743053,0.0,0.13259335,0.0,0.18333755,0.0,0.0,2.9737585,0.0,2.0711784,0.0,0.0,0.0,0.6668735,0.0,5.153521,0.0,2.4009497,1.6686709,2.2618122,0.75154847,0.0,0.0,0.7540758,0.0,0.0,0.0,0.0,1.4055368,0.0,0.0,0.5954099,0.83253473,0.0,0.0,1.5951325,0.0
0.54361355,0.0,0.0,1.6726885,2.122084,0.0,0.4763336,0.0,1.0998298,0.0,1.3307878,0.46886632,0.0,2.405321,0.0,3.0021148,0.34633502,0.0,0.0,0.57575417,0.0,0.0,0.0,0.0,0.0,0.0,0.0,0.0,0.6493452,0.0,0.31234384,0.0,1.591166,0.0,0.0,0.5691626,0.0,0.0,0.0,2.3372324,0.0,3.9710279,2.9161615,0.76002824,0.0,0.22039689,0.35670608,0.39020517,0.8974388,0.0,0.0,1.0010831,0.0,0.0,0.0,0.0,1.6423104,0.0,0.0,0.607527,1.0283442,0.0,0.0,1.8060442,0.5
0.55933046,0.0,0.0,1.6980948,2.2082376,0.0,0.37215185,0.0,1.0854651,0.0,1.6609765,0.48930633,0.0,2.547774,0.0,3.2950246,0.7110185,0.0,0.0,1.0274382,0.0,0.0,0.0,0.0,0.0,0.0,0.0,0.0,1.1941401,0.14608818,0.6162942,0.0,1.733492,0.0,0.0,0.107959084,0.0,0.0,0.0,2.9938302,0.0,4.87267,3.7567267,0.12877643,0.0,0.0,0.13312882,0.07135253,0.94871086,0.0,0.0,1.0731587,0.0,0.0,0.0,0.0,1.8057424,0.0,0.0,0.70143676,1.0879954,0.0,0.0,1.923644,0.5
1.729741,0.0,0.0,0.89931697,0.9175606,0.0,1.9762748,0.0,2.6290736,0.0,0.0,1.7588993,0.0,1.2150152,0.0,1.1779488,0.07308247,0.0,0.0,0.25627163,0.0,0.0,0.0,0.0,0.0,0.0,0.0,0.0,0.036202375,0.0,0.045511294,0.0,0.3028664,0.0,0.0,2.8096504,0.0,1.5990996,0.0,0.45157665,0.0,1.5013101,0.3680596,4.6123004,0.0,2.2510672,1.7030766,2.3197281,0.7627692,0.0,0.0,0.73786366,0.0,0.0,0.0,0.0,1.3765097,0.0,0.0,0.6020393,0.8638572,0.0,0.0,1.571896,0.0
1.1011684,0.0,0.0,0.92927486,1.3458475,0.0,1.1368644,0.0,1.7714976,0.0,1.0698582,1.2275407,0.0,1.4498113,0.0,2.1311119,0.53945684,0.0,0.0,0.7209617,0.0,0.0,0.0,0.0,0.0,0.0,0.0,0.0,0.8700255,0.06300456,0.36781657,0.0,1.4433296,0.0,0.0,0.3992983,0.0,0.0,0.0,2.4202852,0.0,3.9952364,2.9420958,0.7414303,0.0,0.24549074,0.4560458,0.436232,0.86861664,0.0,0.0,0.9246159,0.0,0.0,0.0,0.0,1.6352007,0.0,0.0,0.5792635,0.9784619,0.0,0.0,1.7021805,0.5
1.2462018,0.0,0.0,0.9359106,1.1570487,0.0,1.4308412,0.0,1.9688734,0.0,0.09823728,1.3096344,0.0,1.213337,0.0,1.2354589,0.044443566,0.0,0.0,0.16771442,0.0,0.0,0.0,0.0,0.0,0.0,0.0,0.0,0.0,0.0,0.0,0.0,0.74200475,0.0,0.0,2.377878,0.0,1.2586713,0.0,0.6463137,0.0,1.5299981,0.7575777,3.817392,0.0,1.7046391,1.349333,1.7067205,0.7214616,0.0,0.0,0.7170567,0.0,0.0,0.0,0.0,1.3415077,0.0,0.0,0.6127174,0.8307797,0.0,0.0,1.5744238,0.25
1.0934358,0.0,0.0,1.2036111,1.3372616,0.0,1.4383782,0.0,2.060245,0.0,0.08680379,1.2128962,0.0,1.6649845,0.0,1.1657982,0.31258377,0.0,0.0,0.56266654,0.0,0.0,0.0,0.0,0.0,0.0,0.0,0.0,0.4640438,0.04796925,0.24839246,0.0,0.40788883,0.0,0.0,1.9042544,0.0,0.7328604,0.0,0.95595807,0.0,1.7506132,0.96177495,3.3466094,0.0,1.3237562,0.9767995,1.4151514,0.85456425,0.0,0.0,0.90457207,0.0,0.0,0.0,0.0,1.5623648,0.0,0.0,0.6126886,0.94423664,0.0,0.0,1.747815,0.25
2.2982268,0.0,0.0,0.37501162,0.2578535,0.0,2.905848,0.0,3.5059474,0.0,0.0,2.529211,0.0,0.53555894,0.0,0.0,0.16883826,0.0,0.0,0.28920752,0.0,0.0,0.0,0.0,0.0,0.0,0.0,0.0,0.103375286,0.0,0.112596475,0.0,0.18486984,0.0,0.0,3.1414492,0.0,2.0157554,0.0,0.059115037,0.0,0.66347134,0.0,5.339457,0.0,2.5255728,1.8244021,2.4722216,0.74881387,0.0,0.0,0.7570002,0.0,0.0,0.0,0.0,1.3933519,0.0,0.0,0.5903873,0.81945515,0.0,0.0,1.5772972,0.0
1.2200243,0.0,0.0,1.0316312,1.2098334,0.0,1.4703046,0.0,2.0658937,0.0,0.64441407,1.3750416,0.0,1.3488247,0.0,1.5560726,0.2291149,0.0,0.0,0.47790176,0.0,0.0,0.0,0.0,0.0,0.0,0.0,0.0,0.46139646,0.0,0.23411345,0.0,0.9964629,0.0,0.0,1.3965825,0.0,0.1688133,0.0,1.4697535,0.0,2.78246,1.7393254,2.294827,0.0,0.9421934,0.77514696,0.91108745,0.7774279,0.0,0.0,0.8513417,0.0,0.0,0.0,0.0,1.4099998,0.0,0.0,0.57851607,0.8680687,0.0,0.0,1.5493158,0.5
2.295658,0.0,0.0,0.32054776,0.212059,0.0,2.766138,0.0,3.2696376,0.0,0.0,2.3937495,0.0,0.58814216,0.0,0.016433394,0.20169456,0.0,0.0,0.39470366,0.0,0.0,0.0,0.0,0.0,0.0,0.0,0.0,0.16491476,0.0,0.17090379,0.0,0.4589879,0.0,0.0,2.4668567,0.0,1.1004672,0.0,0.7591507,0.0,1.5528026,0.74494493,3.777161,0.0,1.9775612,1.606191,2.2130058,0.7271471,0.0,0.0,0.73490715,0.0,0.0,0.0,0.0,1.3832753,0.0,0.0,0.6315634,0.84347063,0.0,0.0,1.562793,0.0
1.1379694,0.0,0.0,1.0814255,1.3442525,0.0,1.0732752,0.0,1.6627924,0.0,0.53253996,1.1995296,0.0,1.6216707,0.0,1.6630713,0.65709853,0.0,0.0,0.909675,0.0,0.0,0.0,0.0,0.0,0.0,0.0,0.0,1.0414449,0.27691245,0.57258445,0.0,0.35158312,0.0,0.0,1.7181786,0.0,0.6570794,0.0,1.0994,0.0,2.1904042,1.3789005,2.7936223,0.0,0.94441634,0.6012234,0.8295843,0.82747656,0.0,0.0,0.89244884,0.0,0.0,0.0,0.0,1.546278,0.0,0.0,0.5378152,0.95985377,0.0,0.0,1.7173487,0.25
1.5151358,0.0,0.0,0.78832376,0.8755108,0.0,2.1162162,0.0,2.6803522,0.0,0.0,1.7493356,0.0,1.0335294,0.0,0.033899225,0.19518992,0.0,0.0,0.39871028,0.0,0.0,0.0,0.0,0.0,0.0,0.0,0.0,0.25543937,0.0,0.141289,0.0,0.25787598,0.0,0.0,2.5025384,0.0,1.4780104,0.0,0.22986822,0.0,0.84555495,0.14023833,4.4293704,0.0,1.8303378,1.3371739,1.8044198,0.7594154,0.0,0.0,0.78537345,0.0,0.0,0.0,0.0,1.3612614,0.0,0.0,0.5504032,0.8377911,0.0,0.0,1.571442,0.0
0.8305248,0.0,0.0,1.3354893,1.7354693,0.0,0.58443946,0.0,1.2341753,0.0,1.0064489,0.6970826,0.0,1.7826695,0.0,2.6569712,0.15360759,0.0,0.0,0.25838917,0.0,0.0,0.0,0.0,0.0,0.0,0.0,0.0,0.19442478,0.0,0.094432,0.0,1.2411021,0.0,0.0,1.820026,0.0,0.9475687,0.0,1.1646265,0.0,2.254862,1.5022869,2.7113497,0.0,1.3205525,1.0905063,1.0420307,0.67133886,0.0,0.0,0.67068946,0.0,0.0,0.0,0.0,1.1875894,0.0,0.0,0.44499138,0.79907954,0.0,0.0,1.4898967,1.0
0.27267787,0.0,0.0,1.8538465,2.4738894,0.0,0.0,0.0,0.59243256,0.0,1.8333578,0.124934144,0.0,2.634873,0.0,3.7292228,0.5094899,0.0,0.0,0.7284334,0.0,0.0,0.0,0.0,0.0,0.0,0.0,0.0,0.7563878,0.089446515,0.41280538,0.0,1.510991,0.0,0.0,1.2891902,0.0,0.110438906,0.0,1.9334008,0.0,3.3256474,2.4278965,1.8378206,0.0,0.8459626,0.7346273,0.67005247,0.7136455,0.0,0.0,0.7426472,0.0,0.0,0.0,0.0,1.3370457,0.0,0.0,0.5255144,0.84891766,0.0,0.0,1.6013328,1.0
1.325027,0.0,0.0,0.79876655,0.98780483,0.0,1.5139018,0.0,2.0025249,0.0,0.0,1.2945398,0.0,1.0816172,0.0,1.1481481,0.14940538,0.0,0.0,0.3513612,0.0,0.0,0.0,0.0,0.0,0.0,0.0,0.0,0.17122556,0.0,0.1110753,0.0,0.73067445,0.0,0.0,2.0257413,0.0,0.8474142,0.0,0.8420456,0.0,1.5017215,0.96488196,3.1402435,0.0,1.4522142,1.2938672,1.4610926,0.6809814,0.0,0.0,0.69227237,0.0,0.0,0.0,0.0,1.3311036,0.0,0.0,0.6360929,0.7993494,0.0,0.0,1.5699128,0.25
2.7645884,0.0,0.0,0.0,0.0,0.0,3.3185613,0.0,3.9625196,0.0,0.0,3.1137288,0.0,0.0,0.0,0.0,0.26965648,0.0,0.0,0.42988306,0.0,0.0,0.0,0.0,0.0,0.0,0.0,0.0,0.31433982,0.003451596,0.19206189,0.0,0.0,0.0,0.0,2.9799407,0.0,2.0837133,0.0,0.0,0.0,0.0,0.0,5.330817,0.0,2.8027596,2.0503974,2.6904426,0.6798944,0.0,0.0,0.63827336,0.0,0.0,0.0,0.0,1.2020032,0.0,0.0,0.52191424,0.67421496,0.0,0.0,1.3037108,0.0
1.1137946,0.0,0.0,0.89452016,1.1796176,0.0,1.3815873,0.0,1.9482046,0.0,0.33398446,1.2319708,0.0,1.2353159,0.0,1.3923223,0.19513206,0.0,0.0,0.42268473,0.0,0.0,0.0,0.0,0.0,0.0,0.0,0.0,0.41284305,0.0,0.17237931,0.0,0.17435761,0.0,0.0,2.1567297,0.0,1.1403037,0.0,0.4893347,0.0,0.8867837,0.23964985,3.8393555,0.0,1.6679128,1.3403529,1.5291698,0.82991415,0.0,0.0,0.8909559,0.0,0.0,0.0,0.0,1.5457355,0.0,0.0,0.69874704,0.94121933,0.0,0.0,1.6849874,0.0
1.629484,0.0,0.0,0.5555097,0.6312462,0.0,2.0217638,0.0,2.4598618,0.0,0.0,1.7729131,0.0,0.9002172,0.0,0.6934236,0.3089197,0.0,0.0,0.50550145,0.0,0.0,0.0,0.0,0.0,0.0,0.0,0.0,0.349352,0.0,0.23150313,0.005345784,0.45391446,0.0,0.0,2.147569,0.0,1.1277039,0.0,0.45986664,0.0,1.3615291,0.7012596,3.25894,0.0,1.7568135,1.3391095,1.8592848,0.6788888,0.0,0.0,0.6836667,0.0,0.0,0.0,0.0,1.3024766,0.0,0.0,0.60936064,0.81542265,0.0,0.0,1.5432833,0.25
0.8433369,0.0,0.0,1.4732578,1.7137771,0.0,0.9686753,0.0,1.7228795,0.0,0.63186634,0.89646506,0.0,2.0082483,0.0,2.2667272,0.11220267,0.0,0.0,0.29414794,0.0,0.0,0.0,0.0,0.0,0.0,0.0,0.0,0.08819321,0.0,0.06900504,0.0,0.49869543,0.0,0.0,2.3325696,0.0,1.1054904,0.0,0.75438994,0.0,2.0204353,0.8399334,3.8042042,0.0,1.7464044,1.3172829,1.7637287,0.74418396,0.0,0.0,0.72007155,0.0,0.0,0.0,0.0,1.3388042,0.0,0.0,0.5799443,0.8433063,0.0,0.0,1.5423305,0.5
2.107159,0.0,0.0,0.36197355,0.3191638,0.0,2.7942517,0.0,3.306906,0.0,0.0,2.3828986,0.0,0.5016727,0.0,0.0,0.18145177,0.0,0.0,0.36711174,0.0,0.0,0.0,0.0,0.0,0.0,0.0,0.0,0.21815579,0.0,0.13243683,0.0,0.2006815,0.0,0.0,2.655121,0.0,1.6145914,0.0,0.2504208,0.0,0.7989633,0.12213768,4.7740436,0.0,2.0216227,1.4865241,2.0801454,0.78426933,0.0,0.0,0.8059102,0.0,0.0,0.0,0.0,1.4168154,0.0,0.0,0.5780258,0.86082083,0.0,0.0,1.6142913,0.0
1.8425102,0.0,0.0,0.52560735,0.64229655,0.0,2.424218,0.0,2.861288,0.0,0.08218729,2.055152,0.0,0.7661319,0.0,0.22220805,0.35482463,0.0,0.0,0.4166158,0.0,0.0,0.0,0.0,0.0,0.0,0.0,0.0,0.51089394,0.0,0.22080764,0.0,0.2715236,0.0,0.0,1.9867952,0.0,0.7316043,0.0,1.1287807,0.0,1.9662106,1.0473552,3.4226289,0.0,1.0860268,0.76224476,1.243878,0.905418,0.0,0.0,0.9653698,0.0,0.0,0.0,0.0,1.6766951,0.0,0.0,0.6780563,1.0179237,0.0,0.0,1.6963397,0.0
1.3803066,0.0,0.0,0.70378304,0.8642487,0.0,1.9143428,0.0,2.5631156,0.0,0.0,1.7455907,0.0,1.0709846,0.0,0.42974356,0.29770347,0.0,0.0,0.4762068,0.0,0.0,0.0,0.0,0.0,0.0,0.0,0.0,0.36756173,0.024165157,0.1951846,0.0,0.0,0.0,0.0,2.8601983,0.0,1.858608,0.0,0.0061973184,0.0,0.39920753,0.0,5.014362,0.0,2.4456213,1.6561117,2.1999066,0.7231433,0.0,0.0,0.7247912,0.0,0.0,0.0,0.0,1.3415267,0.0,0.0,0.58400714,0.7906227,0.0,0.0,1.4918634,0.0
1.0996594,0.0,0.0,0.8726845,1.0732224,0.0,1.486944,0.0,2.1898918,0.0,0.106249355,1.3326896,0.0,1.1925507,0.0,0.87127113,0.4161773,0.0,0.0,0.7200012,0.0,0.0,0.0,0.0,0.0,0.0,0.0,0.0,0.6625148,0.16078456,0.32734463,0.0,0.053205065,0.0,0.0,1.9049288,0.0,0.948711,0.0,0.59998614,0.0,0.97242165,0.45465422,3.4157643,0.0,1.5990025,1.1042559,1.4498414,0.80696684,0.0,0.0,0.8311918,0.0,0.0,0.0,0.0,1.4575676,0.0,0.0,0.58901995,0.8827124,0.0,0.0,1.5986488,0.0
0.79290473,0.0,0.0,1.5127401,1.8460829,0.0,0.6271774,0.0,1.2905095,0.0,1.0758507,0.80496687,0.0,1.9886537,0.0,2.6351073,0.42090258,0.0,0.0,0.59414077,0.0,0.0,0.0,0.0,0.0,0.0,0.0,0.0,0.6576229,0.119477086,0.33101478,0.0,0.0,0.0,0.0,2.9371884,0.0,1.7682347,0.0,0.17499475,0.0,1.1684465,0.24766569,4.456822,0.0,2.1195946,1.3605676,1.7567135,0.72557807,0.0,0.0,0.71172416,0.0,0.0,0.0,0.0,1.328114,0.0,0.0,0.5132596,0.86007124,0.0,0.0,1.520599,0.25
2.1812444,0.0,0.0,0.52058727,0.38216192,0.0,2.5058966,0.0,3.0452712,0.0,0.0,2.2177336,0.0,0.8106038,0.0,0.3072627,0.17934115,0.0,0.0,0.35533896,0.0,0.0,0.0,0.0,0.0,0.0,0.0,0.0,0.121830136,0.0,0.1609325,0.0020316094,0.60117954,0.0,0.0,2.1310744,0.0,0.64182967,0.0,1.1083357,0.0,1.9792258,1.0832145,3.170195,0.0,1.6739187,1.3729712,1.8535042,0.69418746,0.0,0.0,0.694394,0.0,0.0,0.0,0.0,1.317395,0.0,0.0,0.6238374,0.7980763,0.0,0.0,1.5135573,0.0
0.96277994,0.0,0.0,1.1949472,1.4385107,0.0,1.381705,0.0,1.9875538,0.0,0.13477567,1.2868513,0.0,1.7589229,0.0,1.1621231,0.3400784,0.0,0.0,0.46422294,0.0,0.0,0.0,0.0,0.0,0.0,0.0,0.0,0.37807533,0.0,0.20160998,0.0,0.39466637,0.0,0.0,2.359741,0.0,1.3150661,0.0,0.53170604,0.0,1.4707148,0.6239199,4.0595517,0.0,1.7650768,1.1387604,1.7569104,0.7455659,0.0,0.0,0.76343393,0.0,0.0,0.0,0.0,1.3959324,0.0,0.0,0.5941086,0.84243643,0.0,0.0,1.6019641,0.25
0.25173888,0.0,0.0,1.8540729,2.5200608,0.0,0.0,0.0,0.59417593,0.0,1.8554959,0.114796765,0.0,2.644702,0.0,3.7436981,0.5272314,0.0,0.0,0.760936,0.0,0.0,0.0,0.0,0.0,0.0,0.0,0.0,0.7876298,0.099713616,0.4260041,0.0,1.5551502,0.0,0.0,1.2512734,0.0,0.067149125,0.0,1.9794718,0.0,3.445806,2.4934108,1.7244833,0.0,0.7916495,0.6575975,0.60588044,0.7194702,0.0,0.0,0.75023186,0.0,0.0,0.0,0.0,1.3544466,0.0,0.0,0.5342675,0.8572968,0.0,0.0,1.6208314,0.25
1.393173,0.0,0.0,0.7756996,0.96389836,0.0,1.5200822,0.0,1.9477518,0.0,0.0,1.4744071,0.0,1.0998455,0.0,0.9587566,0.362819,0.0,0.0,0.5607508,0.0,0.0,0.0,0.0,0.0,0.0,0.0,0.0,0.63973635,0.14836568,0.3236971,0.0,0.21038203,0.0,0.0,2.25373,0.0,1.5632522,0.0,0.3731826,0.0,1.2490356,0.45629552,3.5545313,0.0,1.4241675,0.885152,1.2684845,0.7867725,0.0,0.0,0.8383563,0.0,0.0,0.0,0.0,1.4246557,0.0,0.0,0.46699536,0.9252889,0.0,0.0,1.6432773,0.0
1.2193801,0.0,0.0,0.56156266,0.9457038,0.0,1.397795,0.0,1.8964276,0.0,0.089533985,1.3982092,0.0,0.94014466,0.0,1.256672,0.34275302,0.0,0.0,0.5678091,0.0,0.0,0.0,0.0,0.0,0.0,0.0,0.0,0.49887964,0.0,0.25502586,0.0,1.0109648,0.0,0.0,1.1913239,0.0,0.022547385,0.0,1.4016657,0.0,2.378037,1.9936751,1.8668821,0.0,0.7599362,0.72475696,0.66123134,0.69936347,0.0,0.0,0.6762167,0.0,0.0,0.0,0.0,1.3955954,0.0,0.0,0.6743297,0.8056682,0.0,0.0,1.6591002,0.0
0.7886497,0.0,0.0,1.1944052,1.6599004,0.0,0.6538468,0.0,1.228553,0.0,0.859147,0.74892575,0.0,1.7313659,0.0,2.3689704,0.2251844,0.0,0.0,0.39769173,0.0,0.0,0.0,0.0,0.0,0.0,0.0,0.0,0.3504707,0.005762021,0.20023291,0.0,1.4670147,0.0,0.0,1.0715486,0.0,0.110149525,0.0,1.6246334,0.0,2.749464,2.1302824,1.3048794,0.0,0.6463739,0.6121952,0.41916683,0.61686504,0.0,0.0,0.6311029,0.0,0.0,0.0,0.0,1.16059,0.0,0.0,0.48283955,0.753638,0.0,0.0,1.4595097,0.75
1.8126715,0.0,0.0,0.5675866,0.6431324,0.0,2.4567842,0.0,2.8040605,0.0,0.0,1.9786851,0.0,0.65525806,0.0,0.097710796,0.18725045,0.0,0.0,0.19621901,0.0,0.0,0.0,0.0,0.0,0.0,0.0,0.0,0.24928322,0.0,0.06499917,0.0,0.0,0.0,0.0,3.1635325,0.0,2.3783414,0.0,0.0,0.0,0.45674115,0.0,5.2066855,0.0,2.1735368,1.5969973,2.2222056,0.7869118,0.0,0.0,0.8188788,0.0,0.0,0.0,0.0,1.4689445,0.0,0.0,0.626625,0.91295,0.0,0.0,1.5581261,0.0
1.914588,0.0,0.0,0.67414904,0.68449223,0.0,1.9890181,0.0,2.6967275,0.0,0.26414284,2.0852544,0.0,0.8101883,0.0,0.81601274,0.02964493,0.0,0.0,0.18142213,0.0,0.0,0.0,0.0,0.0,0.0,0.0,0.0,0.0,0.0,0.038436238,0.0,1.1491276,0.0,0.0,1.8448178,0.0,0.3192111,0.0,1.576114,0.0,2.8773444,1.8058574,2.6993613,0.0,1.1700925,0.9033795,1.1019794,0.7209892,0.0,0.0,0.7172377,0.0,0.0,0.0,0.0,1.3165555,0.0,0.0,0.5653872,0.79470706,0.0,0.0,1.5232481,0.0
1.486744,0.0,0.0,0.45467997,0.8969979,0.0,1.9935569,0.0,2.6254814,0.0,0.29225826,1.871297,0.0,0.9022813,0.0,0.91021085,0.454753,0.0,0.0,0.6220304,0.0,0.0,0.0,0.0,0.0,0.0,0.0,0.0,0.74810684,0.0,0.33457857,0.0,0.3225755,0.0,0.0,2.0605404,0.0,0.79594713,0.0,0.9948799,0.0,1.8615991,1.1444378,3.64742,0.0,1.367827,1.0417854,1.3398972,0.93746644,0.0,0.0,0.98935235,0.0,0.0,0.0,0.0,1.7950394,0.0,0.0,0.7609239,1.0341524,0.0,0.0,1.8721286,0.0
1.4882847,0.0,0.0,0.7498658,0.867741,0.0,1.9334478,0.0,2.4183068,0.0,0.0,1.6543736,0.0,1.2026998,0.0,0.9263307,0.29276344,0.0,0.0,0.49228325,0.0,0.0,0.0,0.0,0.0,0.0,0.0,0.0,0.29853728,0.0,0.21753964,0.0,0.5043634,0.0,0.0,2.2399468,0.0,1.0120286,0.0,0.7325601,0.0,1.6502795,0.9195462,3.4255688,0.0,1.7407619,1.3666123,1.9682074,0.7193445,0.0,0.0,0.7388487,0.0,0.0,0.0,0.0,1.3785005,0.0,0.0,0.62128514,0.8576718,0.0,0.0,1.5910181,0.25
1.1254401,0.0,0.0,0.93624055,1.1788931,0.0,1.2137552,0.0,1.6900477,0.0,0.25949335,1.2775947,0.0,1.3721992,0.0,1.3286474,0.3827922,0.0,0.0,0.5490496,0.0,0.0,0.0,0.0,0.0,0.0,0.0,0.0,0.6388926,0.13346668,0.31350705,0.0,0.24961494,0.0,0.0,2.0955298,0.0,1.3075516,0.0,0.62231284,0.0,1.536755,0.7855765,3.3601685,0.0,1.2592185,0.7655397,1.1304362,0.7984854,0.0,0.0,0.8450165,0.0,0.0,0.0,0.0,1.4416349,0.0,0.0,0.47269607,0.9305341,0.0,0.0,1.6575619,0.5
0.6298907,0.0,0.0,1.6697254,2.1954186,0.0,0.45746067,0.0,1.1483235,0.0,1.6121538,0.55274373,0.0,2.4991002,0.0,3.177652,0.70512605,0.0,0.0,1.0501926,0.0,0.0,0.0,0.0,0.0,0.0,0.0,0.0,1.1999947,0.15067667,0.6205978,0.0,1.8251253,0.0,0.0,0.01909625,0.0,0.0,0.0,3.0860431,0.0,5.0605536,3.870399,0.0,0.0,0.0,0.03592479,0.0,0.9537414,0.0,0.0,1.0863147,0.0,0.0,0.0,0.0,1.8157682,0.0,0.0,0.70447224,1.0964475,0.0,0.0,1.9417624,0.25
1.2717009,0.0,0.0,0.867345,1.19485,0.0,1.5580957,0.0,2.1809754,0.0,0.67315906,1.4627796,0.0,1.4304934,0.0,1.4957463,0.5610496,0.0,0.0,0.8551057,0.0,0.0,0.0,0.0,0.0,0.0,0.0,0.0,0.97447413,0.08320741,0.47415495,0.0,0.012325391,0.0,0.0,2.013488,0.0,0.5971573,0.0,0.8074235,0.0,1.2401227,0.7276975,3.4905388,0.0,1.728366,1.4461892,1.7089405,0.9590406,0.0,0.0,1.0575876,0.0,0.0,0.0,0.0,1.8088918,0.0,0.0,0.79228306,1.0252463,0.0,0.0,1.832034,0.25
1.2415,0.0,0.0,0.63676846,0.93011963,0.0,1.4781339,0.0,2.021707,0.0,0.18777668,1.4808482,0.0,0.9569937,0.0,1.0440313,0.010600919,0.0,0.0,0.1704979,0.0,0.0,0.0,0.0,0.0,0.0,0.0,0.0,0.0,0.0,0.0,0.0,0.4154061,0.0,0.0,2.4574585,0.0,1.4494463,0.0,0.2809804,0.0,0.78834116,0.24863301,4.121469,0.0,2.0655124,1.5327017,1.8680873,0.69165367,0.0,0.0,0.66965467,0.0,0.0,0.0,0.0,1.2691243,0.0,0.0,0.61520153,0.7594074,0.0,0.0,1.4499084,0.0
1.3752784,0.0,0.0,0.7081524,0.9813225,0.0,1.7872647,0.0,2.3264,0.0,0.22704974,1.5422372,0.0,1.0528785,0.0,1.0270009,0.31809965,0.0,0.0,0.58971584,0.0,0.0,0.0,0.0,0.0,0.0,0.0,0.0,0.6507058,0.0,0.28116202,0.0,0.0,0.0,0.0,2.2349372,0.0,1.1207079,0.0,0.39608938,0.0,0.7563906,0.23608898,3.7495391,0.0,1.8370007,1.4719368,1.6861078,0.9185948,0.0,0.0,1.0110044,0.0,0.0,0.0,0.0,1.6968851,0.0,0.0,0.7444468,1.0096165,0.0,0.0,1.7785357,0.0
2.250792,0.0,0.0,0.32175165,0.25070015,0.0,2.909141,0.0,3.4868834,0.0,0.0,2.534024,0.0,0.48081282,0.0,0.0,0.13218172,0.0,0.0,0.32255846,0.0,0.0,0.0,0.0,0.0,0.0,0.0,0.0,0.15389696,0.0,0.10789022,0.0,0.31305927,0.0,0.0,2.5336306,0.0,1.339751,0.0,0.5675702,0.0,1.1735466,0.39578992,4.5754457,0.0,1.8752682,1.3872972,1.9087236,0.7997209,0.0,0.0,0.80756676,0.0,0.0,0.0,0.0,1.4325118,0.0,0.0,0.5907282,0.85698885,0.0,0.0,1.606188,0.0
1.7959311,0.0,0.0,0.5203451,0.71292734,0.0,2.1829696,0.0,2.8021379,0.0,0.02375854,2.157692,0.0,0.958729,0.0,0.72256774,0.69485956,0.0,0.0,0.9468607,0.0,0.0,0.0,0.0,0.0,0.0,0.0,0.0,1.2593013,0.07695249,0.5618723,0.0,1.0195231,0.0,0.0,1.0740314,0.0,0.0,0.0,2.0540693,0.0,3.5383155,2.6160402,1.796548,0.0,0.31184998,0.45233577,0.34927443,0.9191376,0.0,0.0,0.98617554,0.0,0.0,0.0,0.0,1.7007602,0.0,0.0,0.69566935,1.0082009,0.0,0.0,1.8012933,0.0
0.45324668,0.0,0.0,1.5024194,2.1113584,0.0,0.28092188,0.0,1.0764861,0.0,1.4029753,0.541335,0.0,2.2792032,0.0,2.918363,0.9747181,0.0,0.0,1.2225662,0.0,0.0,0.0,0.0,0.0,0.0,0.0,0.0,1.4827394,0.1976773,0.70390266,0.0,0.9705872,0.0,0.0,1.7790667,0.0,0.55520254,0.0,1.3767058,0.0,2.7219534,1.9295734,2.5133572,0.0,1.0636704,0.845346,0.77478236,0.74909633,0.0,0.0,0.80945396,0.0,0.0,0.0,0.0,1.4578098,0.0,0.0,0.6096793,0.84950113,0.0,0.0,1.7024451,0.5
1.4028823,0.0,0.0,0.5705463,0.81900406,0.0,1.4942627,0.0,2.1695921,0.0,0.16234824,1.4950999,0.0,0.8072058,0.0,1.1881206,0.13159326,0.0,0.0,0.34994256,0.0,0.0,0.0,0.0,0.0,0.0,0.0,0.0,0.1490811,0.0,0.07840763,0.0,0.38387752,0.0,0.0,2.4046237,0.0,1.4721977,0.0,0.33910298,0.0,0.7892599,0.27057245,4.0245266,0.0,2.139731,1.6387391,1.8154821,0.7050243,0.0,0.0,0.6868777,0.0,0.0,0.0,0.0,1.2804675,0.0,0.0,0.58618504,0.76851183,0.0,0.0,1.4811804,0.0
1.1848501,0.0,0.0,0.74987364,1.0983812,0.0,1.5269736,0.0,1.9848087,0.0,0.17879151,1.523495,0.0,1.1384704,0.0,0.66090524,0.32613766,0.0,0.0,0.49276876,0.0,0.0,0.0,0.0,0.0,0.0,0.0,0.0,0.54742336,0.10331636,0.2565267,0.0,0.28254396,0.0,0.0,2.2754369,0.0,1.5163447,0.0,0.43948847,0.0,1.4260372,0.6163961,3.7804935,0.0,1.3506738,0.7178722,1.0993046,0.73984545,0.0,0.0,0.7557005,0.0,0.0,0.0,0.0,1.3242885,0.0,0.0,0.45653206,0.8589924,0.0,0.0,1.5447798,0.0
1.74001,0.0,0.0,0.41679838,0.46559197,0.0,2.3351579,0.0,2.888451,0.0,0.0,2.088149,0.0,0.68100476,0.0,0.0,0.19986121,0.0,0.0,0.43387976,0.0,0.0,0.0,0.0,0.0,0.0,0.0,0.0,0.26689884,0.0,0.15542005,0.0,0.1334539,0.0,0.0,2.372774,0.0,1.3064098,0.0,0.411151,0.0,0.7929213,0.21599023,4.448468,0.0,1.8805593,1.317676,1.8332186,0.75511533,0.0,0.0,0.75946486,0.0,0.0,0.0,0.0,1.3356216,0.0,0.0,0.56120765,0.80853236,0.0,0.0,1.4884764,0.0
0.38289723,0.0,0.0,1.3169904,1.8984199,0.0,0.4314518,0.0,1.0824233,0.0,1.4371345,0.55387866,0.0,2.0818753,0.0,2.7294192,0.67760754,0.0,0.0,0.9604554,0.0,0.0,0.0,0.0,0.0,0.0,0.0,0.0,1.0854732,0.08791924,0.537215,0.0,0.29744232,0.0,0.0,1.9834365,0.0,0.6198562,0.0,0.99100876,0.0,1.6299264,0.97894996,3.5898907,0.0,1.3796383,1.147325,1.3453742,0.92203254,0.0,0.0,0.98302585,0.0,0.0,0.0,0.0,1.7385913,0.0,0.0,0.7617029,1.0021971,0.0,0.0,1.7780448,0.5
0.675171,0.0,0.0,1.6879171,1.9733357,0.0,0.66274637,0.0,1.3902849,0.0,1.522933,0.7952515,0.0,2.3396719,0.0,2.8942442,0.6211569,0.0,0.0,0.94368917,0.0,0.0,0.0,0.0,0.0,0.0,0.0,0.0,1.03972,0.14550027,0.529162,0.0,1.2570039,0.0,0.0,0.8057364,0.0,0.0,0.0,2.3728955,0.0,3.9321082,2.8803272,1.0903255,0.0,0.49146864,0.6036609,0.7096765,0.91333,0.0,0.0,1.0114583,0.0,0.0,0.0,0.0,1.7063103,0.0,0.0,0.68501383,0.97953784,0.0,0.0,1.7757144,0.5
1.666116,0.0,0.0,0.29217866,0.4258719,0.0,1.866876,0.0,2.3142498,0.0,0.0,1.7377344,0.0,0.51107585,0.0,0.556766,0.15749107,0.0,0.0,0.38545573,0.0,0.0,0.0,0.0,0.0,0.0,0.0,0.0,0.20454623,0.0,0.14377138,0.0,0.37919813,0.0,0.0,2.1662188,0.0,1.0436674,0.0,0.47264218,0.0,0.62999636,0.33807337,3.5016923,0.0,1.8969464,1.6033065,1.7868267,0.6259246,0.0,0.0,0.6143016,0.0,0.0,0.0,0.0,1.1975695,0.0,0.0,0.6038311,0.6973572,0.0,0.0,1.3726007,0.0
1.9131258,0.0,0.0,0.3585681,0.3511805,0.0,2.3240738,0.0,2.9502773,0.0,0.0,2.100347,0.0,0.51567566,0.0,0.0,0.34045395,0.0,0.0,0.6382953,0.0,0.0,0.0,0.0,0.0,0.0,0.0,0.0,0.5792784,0.112009875,0.28806657,0.0,0.0,0.0,0.0,2.390896,0.0,1.4819543,0.0,0.21779688,0.0,0.3821308,0.0,4.272808,0.0,2.1742377,1.5587292,2.0466697,0.80404216,0.0,0.0,0.8330338,0.0,0.0,0.0,0.0,1.4471935,0.0,0.0,0.5893461,0.8802009,0.0,0.0,1.5846275,0.0
0.44428304,0.0,0.0,1.4914675,2.0275383,0.0,0.29276097,0.0,1.006001,0.0,1.4564261,0.6137198,0.0,2.065009,0.0,2.9177394,0.4693652,0.0,0.0,0.65321267,0.0,0.0,0.0,0.0,0.0,0.0,0.0,0.0,0.7190726,0.13839439,0.35482645,0.0,0.122471586,0.0,0.0,2.498458,0.0,1.2825578,0.0,0.5160107,0.0,1.8310994,0.8355425,3.5626285,0.0,1.6101153,0.8692227,1.213188,0.7551728,0.0,0.0,0.7154523,0.0,0.0,0.0,0.0,1.3951098,0.0,0.0,0.51749223,0.8675322,0.0,0.0,1.5614139,0.75
1.2100794,0.0,0.0,1.2942622,1.5130595,0.0,1.2348685,0.0,1.8002911,0.0,0.7514315,1.0712441,0.0,1.8273392,0.0,2.1968079,0.264777,0.0,0.0,0.47039518,0.0,0.0,0.0,0.0,0.0,0.0,0.0,0.0,0.5109461,0.0,0.24023613,0.0,1.3847793,0.0,0.0,0.9066849,0.0,0.0,0.0,2.1575146,0.0,3.5897782,2.5615754,1.4411241,0.0,0.5576612,0.6503677,0.7599047,0.9125957,0.0,0.0,1.0144712,0.0,0.0,0.0,0.0,1.6752994,0.0,0.0,0.6233302,1.0418314,0.0,0.0,1.8262669,0.75
0.44262555,0.0,0.0,1.3945783,2.061671,0.0,0.30280194,0.0,1.1695548,0.0,1.4431877,0.6357822,0.0,2.1885796,0.0,2.8593512,0.8190634,0.0,0.0,1.0334785,0.0,0.0,0.0,0.0,0.0,0.0,0.0,0.0,1.2022858,0.13375793,0.56180733,0.0,0.99908787,0.0,0.0,1.726904,0.0,0.42725012,0.0,1.4729098,0.0,2.8680964,2.0528128,2.3858387,0.0,0.9583989,0.7191935,0.6205961,0.77259296,0.0,0.0,0.79921573,0.0,0.0,0.0,0.0,1.5026252,0.0,0.0,0.6028387,0.8340939,0.0,0.0,1.7130433,0.25
1.3888146,0.0,0.0,0.57009125,0.8388152,0.0,1.863096,0.0,2.2365792,0.0,0.1490494,1.6029547,0.0,0.76787114,0.0,0.48443606,0.2630297,0.0,0.0,0.30814546,0.0,0.0,0.0,0.0,0.0,0.0,0.0,0.0,0.36791787,0.0,0.1584423,0.0,0.0,0.0,0.0,2.576839,0.0,1.8410996,0.0,0.0,0.0,0.4102823,0.0,4.273945,0.0,1.7683532,1.2426833,1.6924502,0.74618465,0.0,0.0,0.748917,0.0,0.0,0.0,0.0,1.3491375,0.0,0.0,0.61170655,0.83593917,0.0,0.0,1.4118598,0.0
1.0026221,0.0,0.0,1.3320122,1.7370536,0.0,0.9028944,0.0,1.5635775,0.0,1.2557164,0.98241997,0.0,2.0440269,0.0,2.6605337,0.7083608,0.0,0.0,1.030565,0.0,0.0,0.0,0.0,0.0,0.0,0.0,0.0,1.1914028,0.14036337,0.60078007,0.0,1.6778307,0.0,0.0,0.1982745,0.0,0.0,0.0,2.8715217,0.0,4.730041,3.5841107,0.27149636,0.0,0.0,0.21967843,0.1716732,0.9523372,0.0,0.0,1.0762033,0.0,0.0,0.0,0.0,1.8098984,0.0,0.0,0.7120641,1.0861925,0.0,0.0,1.9328774,0.75
1.5532868,0.0,0.0,0.42541158,0.6555731,0.0,1.8723633,0.0,2.4310749,0.0,0.08888573,2.0298083,0.0,0.71606743,0.0,0.3330606,0.40999553,0.0,0.0,0.59478474,0.0,0.0,0.0,0.0,0.0,0.0,0.0,0.0,0.68937194,0.12120817,0.33873546,0.0,0.4110788,0.0,0.0,1.8358382,0.0,0.89307994,0.0,0.77948904,0.0,1.9978495,1.271148,3.145188,0.0,0.9665741,0.4889698,0.72319484,0.7968455,0.0,0.0,0.7810081,0.0,0.0,0.0,0.0,1.4406667,0.0,0.0,0.5057519,0.8716723,0.0,0.0,1.6330147,0.0
0.78819126,0.0,0.0,1.0570822,1.5224719,0.0,0.7583049,0.0,1.4567325,0.0,1.0740951,0.86375505,0.0,1.5770766,0.0,1.9732139,0.5284349,0.0,0.0,0.6672191,0.0,0.0,0.0,0.0,0.0,0.0,0.0,0.0,0.6662899,0.0,0.2840234,0.0,0.3946042,0.0,0.0,2.1089802,0.0,1.1280749,0.0,0.4875722,0.0,1.2550837,0.5758725,3.5126495,0.0,1.7418591,1.2769427,1.4453381,0.7188018,0.0,0.0,0.6978633,0.0,0.0,0.0,0.0,1.3510243,0.0,0.0,0.5728012,0.7712926,0.0,0.0,1.5055032,0.75
1.713262,0.0,0.0,0.40546176,0.54145,0.0,2.3346705,0.0,2.9485898,0.0,0.0,2.1065948,0.0,0.66165864,0.0,0.0,0.26028547,0.0,0.0,0.5076084,0.0,0.0,0.0,0.0,0.0,0.0,0.0,0.0,0.4023833,0.014279778,0.19364338,0.0,0.03561558,0.0,0.0,2.5228693,0.0,1.5430131,0.0,0.2517318,0.0,0.6153636,0.094434425,4.6726336,0.0,2.0679822,1.4288619,1.919656,0.777198,0.0,0.0,0.79132354,0.0,0.0,0.0,0.0,1.4089237,0.0,0.0,0.5934978,0.8493319,0.0,0.0,1.5647225,0.0
0.701212,0.0,0.0,1.4920547,1.8236709,0.0,0.53378445,0.0,1.2318804,0.0,1.3564951,0.77632505,0.0,1.9836805,0.0,2.8418632,0.28777775,0.0,0.0,0.46291354,0.0,0.0,0.0,0.0,0.0,0.0,0.0,0.0,0.36005813,0.0,0.17840375,0.0,1.1962858,0.0,0.0,1.6925405,0.0,0.29745218,0.0,1.4820031,0.0,2.7506812,1.8258489,2.4605103,0.0,1.1557978,0.92117536,0.92628294,0.70356876,0.0,0.0,0.6804811,0.0,0.0,0.0,0.0,1.2770544,0.0,0.0,0.5150984,0.77277905,0.0,0.0,1.5043254,1.0
1.3327925,0.0,0.0,0.96120965,1.0689341,0.0,1.4124032,0.0,1.9225434,0.0,0.086697705,1.3640496,0.0,1.3165858,0.0,1.1546333,0.27849886,0.0,0.0,0.45582786,0.0,0.0,0.0,0.0,0.0,0.0,0.0,0.0,0.51681477,0.10931832,0.26100785,0.0,0.06310649,0.0,0.0,2.3853836,0.0,1.5466137,0.0,0.3739527,0.0,1.0938239,0.36336246,3.903229,0.0,1.5235666,1.0002928,1.3621004,0.7982821,0.0,0.0,0.83601546,0.0,0.0,0.0,0.0,1.4301372,0.0,0.0,0.4678627,0.9217615,0.0,0.0,1.6301824,0.0
0.3034423,0.0,0.0,1.5893409,2.03757,0.0,0.19535653,0.0,0.89159745,0.0,1.2794975,0.54312956,0.0,2.2376978,0.0,2.6429076,0.6637284,0.0,0.0,0.94992435,0.0,0.0,0.0,0.0,0.0,0.0,0.0,0.0,1.0872492,0.28055364,0.5668222,0.0,0.4391799,0.0,0.0,1.4295369,0.0,0.3827475,0.0,1.1392088,0.0,2.450558,1.6977744,2.243655,0.0,0.6015013,0.31400216,0.41595915,0.85829955,0.0,0.0,0.89083135,0.0,0.0,0.0,0.0,1.5842503,0.0,0.0,0.542432,0.956715,0.0,0.0,1.7501801,0.0
1.2582216,0.0,0.0,0.820595,1.149613,0.0,1.4642557,0.0,2.1827784,0.0,0.26967707,1.4642887,0.0,1.3691057,0.0,1.4341083,0.53015286,0.0,0.0,0.8045997,0.0,0.0,0.0,0.0,0.0,0.0,0.0,0.0,0.6776187,0.113943085,0.45159698,0.0,0.68873507,0.0,0.0,1.3517561,0.0,0.074990116,0.0,1.4039649,0.0,2.4205327,1.7983437,2.0650885,0.0,1.1934451,0.9859436,1.300577,0.72207123,0.0,0.0,0.72540206,0.0,0.0,0.0,0.0,1.3693193,0.0,0.0,0.63914555,0.8212339,0.0,0.0,1.5154575,0.75
1.7300622,0.0,0.0,0.5805756,0.6727295,0.0,1.9784884,0.0,2.7120023,0.0,0.0,1.8939476,0.0,0.8353598,0.0,0.97087276,0.19116846,0.0,0.0,0.43176746,0.0,0.0,0.0,0.0,0.0,0.0,0.0,0.0,0.26362815,0.0,0.13974659,0.0,0.0,0.0,0.0,2.759793,0.0,1.8537285,0.0,0.09584348,0.0,0.78792363,0.0,4.6609654,0.0,2.5771976,1.8465911,2.4151387,0.71341485,0.0,0.0,0.6767549,0.0,0.0,0.0,0.0,1.274415,0.0,0.0,0.5729955,0.8051307,0.0,0.0,1.43794,0.25
1.5753974,0.0,0.0,0.9870838,1.1313559,0.0,1.7534949,0.0,2.427985,0.0,0.20023483,1.619075,0.0,1.4224511,0.0,1.6178137,0.4586007,0.0,0.0,0.71939015,0.0,0.0,0.0,0.0,0.0,0.0,0.0,0.0,0.58801925,0.02894044,0.36725968,0.0,0.37379074,0.0,0.0,2.4703276,0.0,1.1508411,0.0,0.7756569,0.0,2.0032296,0.89028925,4.0913115,0.0,1.9807817,1.5561495,2.1319656,0.78987926,0.0,0.0,0.7911778,0.0,0.0,0.0,0.0,1.4866364,0.0,0.0,0.66602033,0.9048204,0.0,0.0,1.6659153,0.0
0.2974184,0.0,0.0,1.7411413,2.3837113,0.0,0.0,0.0,0.64147854,0.0,1.8196771,0.19361223,0.0,2.5184093,0.0,3.6581302,0.56066257,0.0,0.0,0.7742437,0.0,0.0,0.0,0.0,0.0,0.0,0.0,0.0,0.83085346,0.107702814,0.44028428,0.0,1.513168,0.0,0.0,1.2490989,0.0,0.06773587,0.0,1.9235808,0.0,3.3391168,2.4546807,1.7844108,0.0,0.82357794,0.70900923,0.61973315,0.71587473,0.0,0.0,0.7398176,0.0,0.0,0.0,0.0,1.3415711,0.0,0.0,0.5355124,0.84893847,0.0,0.0,1.6067874,0.5
1.9008111,0.0,0.0,0.11668312,0.27406812,0.0,2.4930956,0.0,3.0276394,0.0,0.0,2.2218776,0.0,0.3086728,0.0,0.0,0.21317331,0.0,0.0,0.39444715,0.0,0.0,0.0,0.0,0.0,0.0,0.0,0.0,0.4554968,0.0,0.17249368,0.0,0.0,0.0,0.0,2.6099043,0.0,1.5463574,0.0,0.12716071,0.0,0.14637148,0.0,4.7136154,0.0,2.231966,1.6343575,2.0396667,0.8231163,0.0,0.0,0.85581845,0.0,0.0,0.0,0.0,1.4960419,0.0,0.0,0.6672005,0.8802806,0.0,0.0,1.5322268,0.0
1.5768536,0.0,0.0,0.6310514,0.81030035,0.0,1.8295028,0.0,2.463479,0.0,0.024221355,1.9682447,0.0,0.9306435,0.0,0.7160975,0.46731222,0.0,0.0,0.6331084,0.0,0.0,0.0,0.0,0.0,0.0,0.0,0.0,0.6965895,0.14325996,0.38673037,0.0,0.1521507,0.0,0.0,2.613116,0.0,1.754513,0.0,0.123215124,0.0,1.2180247,0.45792344,4.1919656,0.0,1.7500265,1.0539083,1.345747,0.7414381,0.0,0.0,0.73208857,0.0,0.0,0.0,0.0,1.3853774,0.0,0.0,0.502939,0.8208995,0.0,0.0,1.5659739,0.0
2.087785,0.0,0.0,0.0,0.06441782,0.0,2.6903155,0.0,3.1710682,0.0,0.0,2.3989713,0.0,0.17127232,0.0,0.0,0.17409386,0.0,0.0,0.3317565,0.0,0.0,0.0,0.0,0.0,0.0,0.0,0.0,0.38759285,0.0,0.1467281,0.0,0.0,0.0,0.0,2.728501,0.0,1.6205614,0.0,0.06521256,0.0,0.0,0.0,4.9315186,0.0,2.3345757,1.7497172,2.269605,0.81904256,0.0,0.0,0.8485503,0.0,0.0,0.0,0.0,1.4652796,0.0,0.0,0.64552873,0.85681355,0.0,0.0,1.4829617,0.0
1.2909491,0.0,0.0,0.73175734,0.9510989,0.0,1.7199063,0.0,2.3644142,0.0,0.0,1.6557417,0.0,1.1492711,0.0,0.5937023,0.36982334,0.0,0.0,0.53741884,0.0,0.0,0.0,0.0,0.0,0.0,0.0,0.0,0.4687415,0.06435109,0.23478885,0.0,0.086973414,0.0,0.0,2.4784613,0.0,1.5553637,0.0,0.15203725,0.0,0.71954584,0.05240796,4.3498135,0.0,2.097253,1.37582,1.8515704,0.71314865,0.0,0.0,0.7107586,0.0,0.0,0.0,0.0,1.3292637,0.0,0.0,0.59139425,0.79377,0.0,0.0,1.4909167,0.0
0.5402639,0.0,0.0,1.3014734,1.8179481,0.0,0.46220887,0.0,1.1574419,0.0,1.1526821,0.7691934,0.0,1.9760249,0.0,2.3524256,0.7245239,0.0,0.0,0.99070483,0.0,0.0,0.0,0.0,0.0,0.0,0.0,0.0,1.1339998,0.30805108,0.61297894,0.0,0.52656454,0.0,0.0,1.4162186,0.0,0.29343995,0.0,1.3394786,0.0,2.6747048,1.7992966,2.156864,0.0,0.5739993,0.2149024,0.4087887,0.8696093,0.0,0.0,0.899292,0.0,0.0,0.0,0.0,1.6290804,0.0,0.0,0.553636,0.96952873,0.0,0.0,1.7812383,0.5
0.5706888,0.0,0.0,1.4419487,2.0133617,0.0,0.4375509,0.0,1.0932055,0.0,1.3492384,0.7481294,0.0,2.1245468,0.0,2.744,0.2168889,0.0,0.0,0.27847457,0.0,0.0,0.0,0.0,0.0,0.0,0.0,0.0,0.25055096,0.0,0.12196141,0.0,1.5939677,0.0,0.0,1.2796651,0.0,0.18190427,0.0,1.8760865,0.0,3.3305526,2.4118025,1.7740782,0.0,0.7172007,0.51190877,0.61922854,0.6853309,0.0,0.0,0.68433523,0.0,0.0,0.0,0.0,1.2390994,0.0,0.0,0.49501917,0.81246185,0.0,0.0,1.5095278,0.5
0.9279527,0.0,0.0,0.9173108,1.2113434,0.0,1.3769536,0.0,2.10402,0.0,0.9499598,1.3595508,0.0,1.2214322,0.0,1.6079078,0.5050141,0.0,0.0,0.6832599,0.0,0.0,0.0,0.0,0.0,0.0,0.0,0.0,0.81877905,0.0,0.3355338,0.0,0.9402271,0.0,0.0,1.1480685,0.0,0.0,0.0,1.7958683,0.0,3.010123,2.2073424,2.1133103,0.0,0.51504594,0.5008613,0.65609694,0.8961572,0.0,0.0,0.92810434,0.0,0.0,0.0,0.0,1.7351658,0.0,0.0,0.71865696,0.9844878,0.0,0.0,1.8377901,0.5
0.79202104,0.0,0.0,1.2801636,1.6620545,0.0,0.8423913,0.0,1.3259932,0.0,0.5073822,0.7320033,0.0,1.8134614,0.0,2.108982,0.5171373,0.0,0.0,0.8080051,0.0,0.0,0.0,0.0,0.0,0.0,0.0,0.0,0.7207437,0.0889853,0.40577018,0.0,0.85797304,0.0,0.0,1.6061443,0.0,0.27921697,0.0,1.3163949,0.0,2.1293302,1.6046584,2.5073502,0.0,1.1744796,1.0879817,1.1899713,0.69245297,0.0,0.0,0.726194,0.0,0.0,0.0,0.0,1.413487,0.0,0.0,0.69912463,0.8183073,0.0,0.0,1.6396474,0.0
1.3002455,0.0,0.0,0.5224217,0.8919208,0.0,1.4427786,0.0,1.9231334,0.0,0.12459422,1.5141295,0.0,0.93052036,0.0,1.2557573,0.4272677,0.0,0.0,0.6477234,0.0,0.0,0.0,0.0,0.0,0.0,0.0,0.0,0.62154037,0.021592144,0.31947064,0.0,1.0116756,0.0,0.0,1.1791302,0.0,0.0,0.0,1.406947,0.0,2.3998222,2.0138314,1.8480657,0.0,0.77167577,0.73198897,0.7144174,0.7020245,0.0,0.0,0.67342126,0.0,0.0,0.0,0.0,1.3987701,0.0,0.0,0.6771105,0.7953572,0.0,0.0,1.6356531,0.25
2.122662,0.0,0.0,0.24370871,0.23805572,0.0,2.6295214,0.0,3.2138681,0.0,0.0,2.4025605,0.0,0.42125472,0.0,0.0,0.09920489,0.0,0.0,0.30279163,0.0,0.0,0.0,0.0,0.0,0.0,0.0,0.0,0.090704456,0.0,0.07230533,0.0,0.0,0.0,0.0,2.8579228,0.0,1.9379752,0.0,0.0,0.0,0.6308776,0.0,4.8834186,0.0,2.563617,1.8179096,2.57089,0.7229418,0.0,0.0,0.68609035,0.0,0.0,0.0,0.0,1.2977064,0.0,0.0,0.59832364,0.82149583,0.0,0.0,1.4370556,0.0
2.352532,0.0,0.0,0.012208843,0.04856039,0.0,2.9321682,0.0,3.6015882,0.0,0.0,2.8209836,0.0,0.20294152,0.0,0.0,0.40952316,0.0,0.0,0.5872669,0.0,0.0,0.0,0.0,0.0,0.0,0.0,0.0,0.5365469,0.023397118,0.31831902,0.0,0.42850262,0.0,0.0,2.4189813,0.0,1.4313207,0.0,0.41813046,0.0,1.4248252,0.6678936,4.1944003,0.0,1.8645266,1.33122,1.7597342,0.78027433,0.0,0.0,0.74808425,0.0,0.0,0.0,0.0,1.4778683,0.0,0.0,0.60609084,0.8276463,0.0,0.0,1.6463292,0.0
0.56815374,0.0,0.0,1.5966713,2.0289943,0.0,0.41468388,0.0,1.1489232,0.0,1.0633652,0.42269439,0.0,2.1380773,0.0,2.8086567,0.39100435,0.0,0.0,0.6604022,0.0,0.0,0.0,0.0,0.0,0.0,0.0,0.0,0.52836925,0.0,0.31909183,0.0,0.7925394,0.0,0.0,2.0255454,0.0,0.61000943,0.0,1.0959463,0.0,2.106311,1.199927,3.2293878,0.0,1.4345856,1.2743083,1.35057,0.7554634,0.0,0.0,0.7636132,0.0,0.0,0.0,0.0,1.4222721,0.0,0.0,0.64564097,0.84615767,0.0,0.0,1.6250929,0.25
1.7111466,0.0,0.0,0.78772587,0.8385392,0.0,2.0341344,0.0,2.5966,0.0,0.0,1.7918009,0.0,1.065137,0.0,1.1052806,0.14488143,0.0,0.0,0.33069125,0.0,0.0,0.0,0.0,0.0,0.0,0.0,0.0,0.15056816,0.0,0.07655744,0.0,0.177644,0.0,0.0,2.9698694,0.0,1.9596002,0.0,0.11834709,0.0,1.121844,0.12258725,4.9102764,0.0,2.4418054,1.7950823,2.5157177,0.76849854,0.0,0.0,0.7545904,0.0,0.0,0.0,0.0,1.4025772,0.0,0.0,0.61303955,0.89258367,0.0,0.0,1.6220253,0.0
1.2630327,0.0,0.0,1.026243,1.2328922,0.0,1.3296814,0.0,2.0229468,0.0,0.3523427,1.3653473,0.0,1.3077867,0.0,1.5172756,0.44605547,0.0,0.0,0.57871187,0.0,0.0,0.0,0.0,0.0,0.0,0.0,0.0,0.68799126,0.0071828915,0.26474947,0.0,0.11125009,0.0,0.0,2.7917583,0.0,1.7848082,0.0,0.09712444,0.0,1.165319,0.25342467,4.3934903,0.0,2.045322,1.4735146,1.8648676,0.7595617,0.0,0.0,0.7466347,0.0,0.0,0.0,0.0,1.3781698,0.0,0.0,0.60323685,0.9072113,0.0,0.0,1.5933881,0.0
1.1311649,0.0,0.0,1.1451479,1.4765785,0.0,1.0689313,0.0,1.6168486,0.0,0.78976727,1.1729827,0.0,1.6387889,0.0,1.9640538,0.06429264,0.0,0.0,0.15145558,0.0,0.0,0.0,0.0,0.0,0.0,0.0,0.0,0.040429518,0.0,0.03128394,0.0,1.3975494,0.0,0.0,1.570443,0.0,0.5285774,0.0,1.6364449,0.0,2.8844252,1.9778831,2.3467882,0.0,1.0467651,0.76904726,0.9405322,0.6908219,0.0,0.0,0.6869104,0.0,0.0,0.0,0.0,1.2429428,0.0,0.0,0.4977077,0.8121699,0.0,0.0,1.5078406,1.0
2.4516842,0.0,0.0,0.0,0.0,0.0,2.9788494,0.0,3.6422505,0.0,0.0,2.7890818,0.0,0.0,0.0,0.0,0.2749347,0.0,0.0,0.454308,0.0,0.0,0.0,0.0,0.0,0.0,0.0,0.0,0.3224325,0.0051547093,0.20334634,0.0,0.0,0.0,0.0,2.81195,0.0,2.0424023,0.0,0.0,0.0,0.06627976,0.0,5.0380225,0.0,2.6085038,1.8756063,2.4241464,0.66756845,0.0,0.0,0.6394807,0.0,0.0,0.0,0.0,1.1892376,0.0,0.0,0.5074482,0.68654454,0.0,0.0,1.3172963,0.0
1.9766289,0.0,0.0,0.10374286,0.11900402,0.0,2.1707873,0.0,2.6149879,0.0,0.0,2.0391695,0.0,0.25356546,0.0,0.19076028,0.1367175,0.0,0.0,0.338408,0.0,0.0,0.0,0.0,0.0,0.0,0.0,0.0,0.16901836,0.0,0.13021475,0.0,0.34792644,0.0,0.0,2.2410312,0.0,1.0774349,0.0,0.47593975,0.0,0.53665906,0.25967306,3.6529565,0.0,2.001326,1.7156564,1.989451,0.622008,0.0,0.0,0.59861505,0.0,0.0,0.0,0.0,1.1663094,0.0,0.0,0.5863621,0.6657341,0.0,0.0,1.3219517,0.0
1.0278163,0.0,0.0,1.3192248,1.7207797,0.0,0.9160279,0.0,1.5680017,0.0,1.1858953,1.0029789,0.0,2.0090232,0.0,2.5986595,0.70069635,0.0,0.0,1.0110632,0.0,0.0,0.0,0.0,0.0,0.0,0.0,0.0,1.1865437,0.1256949,0.60517114,0.0,1.6561471,0.0,0.0,0.26704282,0.0,0.0,0.0,2.7723215,0.0,4.6190705,3.5293489,0.36433595,0.0,0.059638582,0.33468157,0.27915266,0.9454492,0.0,0.0,1.0764178,0.0,0.0,0.0,0.0,1.7920164,0.0,0.0,0.70059675,1.0866762,0.0,0.0,1.9291929,0.25
0.24689864,0.0,0.0,1.667554,2.2830396,0.0,0.1139425,0.0,1.012926,0.0,1.6106442,0.42977387,0.0,2.4001231,0.0,3.142476,0.7544023,0.0,0.0,0.9509367,0.0,0.0,0.0,0.0,0.0,0.0,0.0,0.0,1.0443267,0.09399418,0.46093744,0.0,1.0847739,0.0,0.0,1.6740936,0.0,0.14759119,0.0,1.5953463,0.0,3.0804896,2.2148795,2.2052124,0.0,0.7986291,0.57115144,0.4415522,0.77348846,0.0,0.0,0.820633,0.0,0.0,0.0,0.0,1.5182064,0.0,0.0,0.6306976,0.8495332,0.0,0.0,1.7387356,0.75
1.1741812,0.0,0.0,0.8253202,1.1198928,0.0,1.5221115,0.0,2.0621374,0.0,0.54470044,1.3730608,0.0,1.2814357,0.0,1.3432767,0.4169151,0.0,0.0,0.66436464,0.0,0.0,0.0,0.0,0.0,0.0,0.0,0.0,0.73983943,0.0,0.31393728,0.0,0.16236039,0.0,0.0,1.6810756,0.0,0.5187968,0.0,0.76195943,0.0,1.3629861,0.8147165,2.945071,0.0,1.3674976,1.0862237,1.2659274,0.93508035,0.0,0.0,0.99898314,0.0,0.0,0.0,0.0,1.7176905,0.0,0.0,0.73525596,1.0039773,0.0,0.0,1.7669208,0.0
2.1321688,0.0,0.0,0.31934386,0.28946492,0.0,2.4313936,0.0,3.1563282,0.0,0.0,2.3776457,0.0,0.60700965,0.0,0.23726785,0.35345477,0.0,0.0,0.57340145,0.0,0.0,0.0,0.0,0.0,0.0,0.0,0.0,0.40729824,0.03393803,0.2896867,0.0,0.16427825,0.0,0.0,2.12456,0.0,0.9812692,0.0,0.7206325,0.0,1.4449623,0.58802813,3.802864,0.0,1.9817566,1.5493958,2.2007177,0.71797484,0.0,0.0,0.66606224,0.0,0.0,0.0,0.0,1.2734534,0.0,0.0,0.5873893,0.7530285,0.0,0.0,1.3458487,0.0
0.73634267,0.0,0.0,1.5106955,1.8647835,0.0,0.6406874,0.0,1.3125396,0.0,0.81975055,0.5839497,0.0,1.9722073,0.0,2.5602565,0.38045797,0.0,0.0,0.64301044,0.0,0.0,0.0,0.0,0.0,0.0,0.0,0.0,0.49896336,0.0,0.29360932,0.0,0.71407115,0.0,0.0,2.201634,0.0,0.83641285,0.0,0.93232006,0.0,1.8817263,1.0241419,3.5053976,0.0,1.6006464,1.4290982,1.5440122,0.75508815,0.0,0.0,0.77440035,0.0,0.0,0.0,0.0,1.4297982,0.0,0.0,0.6458671,0.8578987,0.0,0.0,1.6451331,0.75
2.1047843,0.0,0.0,0.37224913,0.3234076,0.0,2.545735,0.0,3.0793939,0.0,0.0,2.2225783,0.0,0.6635018,0.0,0.1967226,0.20231092,0.0,0.0,0.41269484,0.0,0.0,0.0,0.0,0.0,0.0,0.0,0.0,0.18945843,0.0,0.17568713,0.0,0.5223859,0.0,0.0,2.288416,0.0,1.0117993,0.0,0.76924765,0.0,1.6653106,0.841421,3.5052614,0.0,1.8086121,1.4660122,1.981853,0.72088903,0.0,0.0,0.7224215,0.0,0.0,0.0,0.0,1.3666561,0.0,0.0,0.6242334,0.83410704,0.0,0.0,1.5469275,0.0
1.5495785,0.0,0.0,0.72166663,0.8443224,0.0,1.7695262,0.0,2.4305704,0.0,0.08437466,1.6820055,0.0,1.0549392,0.0,1.2856021,0.15575589,0.0,0.0,0.38185182,0.0,0.0,0.0,0.0,0.0,0.0,0.0,0.0,0.19100094,0.0,0.11023064,0.0,0.059816897,0.0,0.0,2.8351626,0.0,1.8643931,0.0,0.048055455,0.0,0.84081966,0.0,4.744124,0.0,2.4889731,1.8189304,2.4069896,0.7203129,0.0,0.0,0.6936166,0.0,0.0,0.0,0.0,1.2939675,0.0,0.0,0.57540107,0.82690006,0.0,0.0,1.4691533,0.25
2.3304229,0.0,0.0,0.27825648,0.17653142,0.0,2.9978385,0.0,3.5588176,0.0,0.0,2.615825,0.0,0.39385894,0.0,0.0,0.14179607,0.0,0.0,0.30669695,0.0,0.0,0.0,0.0,0.0,0.0,0.0,0.0,0.12540069,0.0,0.113262594,0.0,0.30384886,0.0,0.0,2.5996568,0.0,1.428852,0.0,0.4848945,0.0,1.0619917,0.32169768,4.64993,0.0,1.9478935,1.4804448,2.0293217,0.79353887,0.0,0.0,0.8070854,0.0,0.0,0.0,0.0,1.4218984,0.0,0.0,0.58475304,0.8535937,0.0,0.0,1.605014,0.0
0.79085577,0.0,0.0,1.325101,1.8707203,0.0,0.82299924,0.0,1.5056148,0.0,1.3201165,0.9317556,0.0,2.0540218,0.0,2.5775793,0.6942199,0.0,0.0,0.9765705,0.0,0.0,0.0,0.0,0.0,0.0,0.0,0.0,1.1868167,0.12856705,0.5904036,0.0,1.5856494,0.0,0.0,0.60596657,0.0,0.0,0.0,2.570652,0.0,4.335047,3.1935408,1.1237837,0.0,0.23527177,0.30607295,0.3601298,0.86957204,0.0,0.0,0.9750591,0.0,0.0,0.0,0.0,1.6548625,0.0,0.0,0.6687707,1.0109073,0.0,0.0,1.8161191,0.75
0.24729328,0.0,0.0,1.869734,2.4177625,0.0,0.26777261,0.0,1.005909,0.0,1.6497642,0.35301006,0.0,2.7214098,0.0,3.2310607,0.31924948,0.0,0.0,0.47698572,0.0,0.0,0.0,0.0,0.0,0.0,0.0,0.0,0.5715807,0.0,0.26017225,0.0,1.5580448,0.0,0.0,0.6940876,0.0,0.0,0.0,2.5834548,0.0,4.178741,3.0757134,1.2628306,0.0,0.16432054,0.23306721,0.3231034,0.84474486,0.0,0.0,0.9155085,0.0,0.0,0.0,0.0,1.5302984,0.0,0.0,0.5767892,0.9676049,0.0,0.0,1.6910791,0.75
1.7381612,0.0,0.0,0.52078784,0.5930322,0.0,2.2722867,0.0,2.6779833,0.0,0.0,1.8984141,0.0,0.81448996,0.0,0.51350063,0.31040916,0.0,0.0,0.5258691,0.0,0.0,0.0,0.0,0.0,0.0,0.0,0.0,0.36476097,0.0,0.21170431,0.0,0.31957322,0.0,0.0,2.5989075,0.0,1.546035,0.0,0.21906619,0.0,1.0228672,0.37584594,3.9801173,0.0,2.0665822,1.600595,2.213426,0.7245389,0.0,0.0,0.7498214,0.0,0.0,0.0,0.0,1.3946126,0.0,0.0,0.62792397,0.8836894,0.0,0.0,1.6318239,0.0
1.324702,0.0,0.0,0.73343545,1.1719545,0.0,1.2844191,0.0,1.8875732,0.0,0.7979454,1.5612507,0.0,1.1701306,0.0,1.7931899,0.35713634,0.0,0.0,0.47015965,0.0,0.0,0.0,0.0,0.0,0.0,0.0,0.0,0.4461241,0.0,0.22716506,0.0,1.540398,0.0,0.0,1.2903364,0.0,0.118767105,0.0,1.8647288,0.0,3.3941295,2.4454389,1.8743668,0.0,0.8303804,0.6301108,0.71449006,0.72640437,0.0,0.0,0.7243408,0.0,0.0,0.0,0.0,1.3722001,0.0,0.0,0.5651079,0.83940274,0.0,0.0,1.6270725,0.75
2.6657248,0.0,0.0,0.0,0.0,0.0,3.3150616,0.0,3.9009733,0.0,0.0,3.042814,0.0,0.0,0.0,0.0,0.22649366,0.0,0.0,0.44596538,0.0,0.0,0.0,0.0,0.0,0.0,0.0,0.0,0.35188127,0.02623162,0.1877758,0.0,0.0,0.0,0.0,2.5212128,0.0,1.6474755,0.0,0.08962874,0.0,0.02927006,0.0,4.816473,0.0,2.397789,1.7450149,2.344435,0.7117526,0.0,0.0,0.67591125,0.0,0.0,0.0,0.0,1.2046375,0.0,0.0,0.49884242,0.69664186,0.0,0.0,1.2995967,0.0
1.8499043,0.0,0.0,0.62010616,0.81134975,0.0,1.9433165,0.0,2.5942347,0.0,0.33015355,2.0846152,0.0,0.93511194,0.0,1.2381439,0.3292193,0.0,0.0,0.45079303,0.0,0.0,0.0,0.0,0.0,0.0,0.0,0.0,0.5575052,0.0,0.28285497,0.0,1.3880728,0.0,0.0,1.0458647,0.0,0.0,0.0,2.1418138,0.0,3.9461236,2.7352412,1.7268108,0.0,0.53805333,0.52973706,0.64191484,0.7845165,0.0,0.0,0.80453926,0.0,0.0,0.0,0.0,1.4882252,0.0,0.0,0.6379747,0.90148175,0.0,0.0,1.6439925,0.0
2.1620793,0.0,0.0,0.0,0.0037396639,0.0,2.7743175,0.0,3.2577615,0.0,0.0,2.4841416,0.0,0.11867176,0.0,0.0,0.17050458,0.0,0.0,0.32552052,0.0,0.0,0.0,0.0,0.0,0.0,0.0,0.0,0.38528487,0.0,0.14388016,0.0,0.0,0.0,0.0,2.7707522,0.0,1.6493933,0.0,0.070641115,0.0,0.0,0.0,5.0067987,0.0,2.3892803,1.7854061,2.3364246,0.82349193,0.0,0.0,0.85090804,0.0,0.0,0.0,0.0,1.4720154,0.0,0.0,0.64788574,0.8557051,0.0,0.0,1.4843489,0.0
0.6018282,0.0,0.0,1.5361781,1.985635,0.0,0.7606642,0.0,1.3478777,0.0,1.3065777,0.71295416,0.0,2.2248116,0.0,2.5492873,0.82736254,0.0,0.0,1.077183,0.0,0.0,0.0,0.0,0.0,0.0,0.0,0.0,1.3317522,0.07408481,0.682897,0.0,0.537963,0.0,0.0,1.3001655,0.0,0.0,0.0,1.8134204,0.0,2.8219426,1.9363732,2.032916,0.0,0.5752683,0.63792646,0.74324334,0.9913238,0.0,0.0,1.1297485,0.0,0.0,0.0,0.0,1.9105241,0.0,0.0,0.80762225,1.1097893,0.0,0.0,1.931555,0.5
2.182706,0.0,0.0,0.0,0.0,0.0,2.8212883,0.0,3.278591,0.0,0.0,2.4882946,0.0,0.09866874,0.0,0.0,0.17052872,0.0,0.0,0.32093772,0.0,0.0,0.0,0.0,0.0,0.0,0.0,0.0,0.39294046,0.0,0.14134982,0.0,0.0,0.0,0.0,2.8171504,0.0,1.6705217,0.0,0.038440213,0.0,0.0,0.0,5.095329,0.0,2.461185,1.8249224,2.381508,0.8210979,0.0,0.0,0.84885824,0.0,0.0,0.0,0.0,1.469392,0.0,0.0,0.64739716,0.85770065,0.0,0.0,1.4774312,0.0
1.0505179,0.0,0.0,1.1942141,1.5550729,0.0,1.4480836,0.0,2.073389,0.0,0.6611326,1.1840247,0.0,1.7544607,0.0,1.6663423,0.47232857,0.0,0.0,0.7181931,0.0,0.0,0.0,0.0,0.0,0.0,0.0,0.0,0.79948384,0.01535326,0.39858168,0.0,0.20512308,0.0,0.0,2.200316,0.0,0.70004314,0.0,1.0217558,0.0,1.7505709,0.88176435,3.8944323,0.0,1.4562367,1.1800108,1.4981178,0.91775495,0.0,0.0,1.0050193,0.0,0.0,0.0,0.0,1.7480749,0.0,0.0,0.76321447,1.0247461,0.0,0.0,1.8121545,0.0
0.26141667,0.0,0.0,1.9824852,2.4952548,0.0,0.0,0.0,0.56685185,0.0,1.7546237,0.05199791,0.0,2.7260897,0.0,3.776856,0.39693514,0.0,0.0,0.60685176,0.0,0.0,0.0,0.0,0.0,0.0,0.0,0.0,0.5846105,0.03830936,0.33825737,0.0,1.2644452,0.0,0.0,1.6357013,0.0,0.45722875,0.0,1.645799,0.0,2.7630708,1.9526839,2.52465,0.0,1.1985596,1.0850325,1.0467244,0.7159148,0.0,0.0,0.7406702,0.0,0.0,0.0,0.0,1.3156742,0.0,0.0,0.52103287,0.83788633,0.0,0.0,1.5814537,0.75
0.92564005,0.0,0.0,1.2471783,1.5138581,0.0,0.90568554,0.0,1.422584,0.0,0.63406765,0.9372858,0.0,1.5651338,0.0,2.0619314,0.14289336,0.0,0.0,0.2643809,0.0,0.0,0.0,0.0,0.0,0.0,0.0,0.0,0.27017257,0.0,0.09921748,0.0,0.0,0.0,0.0,3.150119,0.0,2.2870483,0.0,0.0,0.0,0.6054431,0.0,4.7154827,0.0,2.2799556,1.4025693,1.8760571,0.68461096,0.0,0.0,0.65623987,0.0,0.0,0.0,0.0,1.2061199,0.0,0.0,0.43817237,0.82357043,0.0,0.0,1.4292483,0.25
1.2809207,0.0,0.0,0.89994586,1.2722282,0.0,1.488657,0.0,2.118466,0.0,0.65740365,1.4404442,0.0,1.4477079,0.0,1.5909613,0.5449623,0.0,0.0,0.7991301,0.0,0.0,0.0,0.0,0.0,0.0,0.0,0.0,0.87739605,0.033838816,0.4203381,0.0,0.3875929,0.0,0.0,1.3632296,0.0,0.021996161,0.0,1.3862909,0.0,2.2182848,1.592585,2.5009444,0.0,1.0621145,0.92902464,1.1363713,0.98879737,0.0,0.0,1.0820179,0.0,0.0,0.0,0.0,1.8552105,0.0,0.0,0.8017667,1.0678604,0.0,0.0,1.8993863,0.5
1.1366532,0.0,0.0,1.1164728,1.5544991,0.0,1.2204366,0.0,1.8851237,0.0,0.99235666,1.2444516,0.0,1.743254,0.0,2.1219745,0.5989721,0.0,0.0,0.87475836,0.0,0.0,0.0,0.0,0.0,0.0,0.0,0.0,1.0254194,0.0869397,0.51051825,0.0,1.486338,0.0,0.0,0.73020613,0.0,0.0,0.0,2.4819512,0.0,4.156496,3.006563,1.3562609,0.0,0.3651556,0.39547467,0.4870129,0.8761055,0.0,0.0,0.9745056,0.0,0.0,0.0,0.0,1.6527967,0.0,0.0,0.66955394,1.0039245,0.0,0.0,1.8026665,0.25
0.14357369,0.0,0.0,1.9782795,2.6538794,0.0,0.0,0.0,0.66409826,0.0,2.0985177,0.06654108,0.0,2.9976606,0.0,3.909316,0.77797055,0.0,0.0,1.115432,0.0,0.0,0.0,0.0,0.0,0.0,0.0,0.0,1.3174167,0.19393279,0.67824596,0.0,1.8482871,0.0,0.0,0.0,0.0,0.0,0.0,3.1627963,0.0,5.1021767,3.9747815,0.0,0.0,0.0,0.0,0.0,0.95280665,0.0,0.0,1.0767255,0.0,0.0,0.0,0.0,1.8220326,0.0,0.0,0.7074168,1.0946854,0.0,0.0,1.9351331,0.75
1.4646745,0.0,0.0,0.77237606,1.0679146,0.0,1.7797308,0.0,2.552437,0.0,0.22465391,1.7678007,0.0,1.1582253,0.0,1.0862744,0.37726238,0.0,0.0,0.59853697,0.0,0.0,0.0,0.0,0.0,0.0,0.0,0.0,0.4423762,0.0039254846,0.31029275,0.0,0.5669411,0.0,0.0,1.7352891,0.0,0.67610306,0.0,1.0526803,0.0,2.3472774,1.4189472,2.9817991,0.0,1.4161731,1.0095706,1.5103365,0.7822544,0.0,0.0,0.75528145,0.0,0.0,0.0,0.0,1.4204721,0.0,0.0,0.6520224,0.8842047,0.0,0.0,1.5768822,0.0
0.9297784,0.0,0.0,1.5388484,1.9108114,0.0,0.8019535,0.0,1.4089304,0.0,1.2848902,0.82342196,0.0,2.2701662,0.0,2.833681,0.64908284,0.0,0.0,0.97117573,0.0,0.0,0.0,0.0,0.0,0.0,0.0,0.0,1.1131371,0.1225064,0.57895035,0.0,1.6596655,0.0,0.0,0.40553495,0.0,0.0,0.0,2.7900903,0.0,4.556996,3.4451993,0.55880904,0.0,0.14898308,0.38682434,0.42915896,0.9434853,0.0,0.0,1.0800977,0.0,0.0,0.0,0.0,1.7988135,0.0,0.0,0.6914222,1.0866994,0.0,0.0,1.9295701,0.75
0.7659589,0.0,0.0,1.3505539,1.8121102,0.0,0.5800933,0.0,1.1898514,0.0,1.0967069,0.70192856,0.0,1.8725238,0.0,2.7190285,0.18565711,0.0,0.0,0.3116795,0.0,0.0,0.0,0.0,0.0,0.0,0.0,0.0,0.25848547,0.0,0.10753906,0.0,1.2915915,0.0,0.0,1.7762388,0.0,0.86552215,0.0,1.309618,0.0,2.4504476,1.619173,2.62119,0.0,1.2801151,1.0099435,1.0498189,0.6858316,0.0,0.0,0.69003016,0.0,0.0,0.0,0.0,1.2260225,0.0,0.0,0.46838844,0.8111909,0.0,0.0,1.5285991,0.5
0.8558109,0.0,0.0,1.5653871,1.8574677,0.0,0.9725283,0.0,1.6383017,0.0,0.6673356,0.8494589,0.0,2.1117845,0.0,2.479343,0.5093359,0.0,0.0,0.8088602,0.0,0.0,0.0,0.0,0.0,0.0,0.0,0.0,0.68304515,0.07972227,0.377231,0.0,0.34992367,0.0,0.0,2.4021506,0.0,1.1480073,0.0,0.70054585,0.0,2.006593,0.891713,3.9203653,0.0,1.8583436,1.4279361,1.94794,0.786424,0.0,0.0,0.80928314,0.0,0.0,0.0,0.0,1.495512,0.0,0.0,0.65516704,0.9293064,0.0,0.0,1.6914409,0.5
1.1653512,0.0,0.0,0.8862655,1.1407031,0.0,1.0787342,0.0,1.7311347,0.0,0.6996314,1.1642531,0.0,1.2870537,0.0,1.8259292,0.35611176,0.0,0.0,0.5811439,0.0,0.0,0.0,0.0,0.0,0.0,0.0,0.0,0.46297106,0.0019689305,0.28508514,0.0,0.3846025,0.0,0.0,2.3397837,0.0,1.0640438,0.0,0.55926,0.0,0.93643194,0.40597048,3.9326706,0.0,2.049795,1.7546453,1.9826874,0.7074525,0.0,0.0,0.6872121,0.0,0.0,0.0,0.0,1.2855386,0.0,0.0,0.60744685,0.73105323,0.0,0.0,1.4295387,0.0
1.2770724,0.0,0.0,0.84337795,1.0480044,0.0,1.4736207,0.0,2.20265,0.0,0.29056314,1.4375254,0.0,1.23338,0.0,1.488265,0.21264294,0.0,0.0,0.448931,0.0,0.0,0.0,0.0,0.0,0.0,0.0,0.0,0.28347394,0.0,0.15208784,0.0,0.0804788,0.0,0.0,2.491998,0.0,1.5457233,0.0,0.2661361,0.0,1.029341,0.1721503,4.2315245,0.0,2.284606,1.6569784,2.158125,0.6994355,0.0,0.0,0.65502197,0.0,0.0,0.0,0.0,1.2364404,0.0,0.0,0.5539278,0.7818197,0.0,0.0,1.3932277,0.0
0.87401575,0.0,0.0,1.0434445,1.6146998,0.0,0.8277517,0.0,1.6908013,0.0,1.0351124,1.1250223,0.0,1.714457,0.0,2.2112775,0.7443114,0.0,0.0,0.9674767,0.0,0.0,0.0,0.0,0.0,0.0,0.0,0.0,1.121495,0.090896286,0.52963746,0.0,0.9143,0.0,0.0,1.8967987,0.0,0.6177482,0.0,1.3427042,0.0,2.6775584,1.8427508,2.633087,0.0,1.131763,0.8612246,0.7819416,0.77001506,0.0,0.0,0.79526037,0.0,0.0,0.0,0.0,1.4806641,0.0,0.0,0.5959757,0.83643985,0.0,0.0,1.7006284,0.5
2.2543383,0.0,0.0,0.40589994,0.3074427,0.0,2.7501554,0.0,3.2999916,0.0,0.0,2.4275534,0.0,0.59411454,0.0,0.0,0.024229696,0.0,0.0,0.14893186,0.0,0.0,0.0,0.0,0.0,0.0,0.0,0.0,0.0,0.0,0.016284939,0.0,0.37102193,0.0,0.0,2.6892078,0.0,1.5641387,0.0,0.46008974,0.0,1.532347,0.43718246,4.478515,0.0,2.0995016,1.591673,2.3460922,0.7637548,0.0,0.0,0.73815614,0.0,0.0,0.0,0.0,1.3854687,0.0,0.0,0.6153092,0.8700378,0.0,0.0,1.5574425,0.0
1.4448433,0.0,0.0,0.78581417,0.9490084,0.0,1.9702764,0.0,2.650112,0.0,0.0,1.7677567,0.0,1.1670488,0.0,0.2532399,0.23823553,0.0,0.0,0.43678227,0.0,0.0,0.0,0.0,0.0,0.0,0.0,0.0,0.28754655,0.0,0.18418363,0.0,0.5406918,0.0,0.0,1.9932662,0.0,0.83068025,0.0,0.9506854,0.0,1.81499,1.0068867,3.6773684,0.0,1.3557429,0.9765459,1.3482645,0.79550904,0.0,0.0,0.80384797,0.0,0.0,0.0,0.0,1.4339705,0.0,0.0,0.587366,0.8569972,0.0,0.0,1.6076679,0.0
0.4906951,0.0,0.0,1.7279329,2.2740285,0.0,0.33428204,0.0,1.0279768,0.0,1.7327238,0.43663323,0.0,2.6047635,0.0,3.3498063,0.7058009,0.0,0.0,1.0511589,0.0,0.0,0.0,0.0,0.0,0.0,0.0,0.0,1.205197,0.15680365,0.6109999,0.0,1.7545887,0.0,0.0,0.08692633,0.0,0.0,0.0,3.0307608,0.0,4.944251,3.7451007,0.055409674,0.0,0.0,0.063794315,0.032633584,0.9619978,0.0,0.0,1.0823321,0.0,0.0,0.0,0.0,1.8289669,0.0,0.0,0.71760935,1.0916888,0.0,0.0,1.9467723,0.5
1.9198663,0.0,0.0,0.4728969,0.63989866,0.0,1.9854411,0.0,2.4423585,0.0,0.0,1.9994574,0.0,0.67971015,0.0,0.855049,0.05618084,0.0,0.0,0.11007801,0.0,0.0,0.0,0.0,0.0,0.0,0.0,0.0,0.030751292,0.0,0.0072930297,0.0,1.2313746,0.0,0.0,2.0015612,0.0,1.1699452,0.0,1.0527836,0.0,2.1482663,1.3334827,3.0592828,0.0,1.506617,1.140701,1.4084085,0.66932726,0.0,0.0,0.67400545,0.0,0.0,0.0,0.0,1.2109962,0.0,0.0,0.48859453,0.80221283,0.0,0.0,1.4996425,0.25
0.0,0.0,0.0,2.0644267,2.7163846,0.0,0.0,0.0,0.39056605,0.0,1.6206203,0.0,0.0,2.816524,0.0,3.7518287,0.5172378,0.0,0.0,0.8135005,0.0,0.0,0.0,0.0,0.0,0.0,0.0,0.0,0.748915,0.05675489,0.41501218,0.0,0.8428232,0.0,0.0,2.0684168,0.0,0.75962776,0.0,1.0464158,0.0,2.0416512,1.2578633,3.2785332,0.0,1.4654796,1.270294,1.4226159,0.7613485,0.0,0.0,0.7855926,0.0,0.0,0.0,0.0,1.462061,0.0,0.0,0.65730244,0.8757151,0.0,0.0,1.6853408,1.0
1.519829,0.0,0.0,0.3086784,0.54759693,0.0,2.0697336,0.0,2.583828,0.0,0.17223877,1.8494219,0.0,0.64730436,0.0,0.42083064,0.21832152,0.0,0.0,0.3848276,0.0,0.0,0.0,0.0,0.0,0.0,0.0,0.0,0.44445267,0.0,0.17730986,0.0,0.0,0.0,0.0,2.3540306,0.0,1.2455884,0.0,0.31777376,0.0,0.37611344,0.0,4.316845,0.0,1.9547197,1.4716014,1.8675617,0.8124457,0.0,0.0,0.8400296,0.0,0.0,0.0,0.0,1.4531593,0.0,0.0,0.63830703,0.8488254,0.0,0.0,1.4722222,0.0
1.2032466,0.0,0.0,1.025088,1.3364508,0.0,1.1832614,0.0,1.7001698,0.0,0.6365941,1.2791287,0.0,1.4598918,0.0,1.8018748,0.028072948,0.0,0.0,0.09137416,0.0,0.0,0.0,0.0,0.0,0.0,0.0,0.0,0.0,0.0,0.0,0.0,1.3109893,0.0,0.0,1.727931,0.0,0.790986,0.0,1.3467342,0.0,2.5114172,1.6816897,2.6324973,0.0,1.2106919,0.9126328,1.1055529,0.67357266,0.0,0.0,0.669611,0.0,0.0,0.0,0.0,1.201875,0.0,0.0,0.48098937,0.79241633,0.0,0.0,1.4777303,0.25
0.42897916,0.0,0.0,1.5248454,2.1013145,0.0,0.119738095,0.0,0.8525937,0.0,1.619683,0.47232494,0.0,2.1422057,0.0,3.3346667,0.39333075,0.0,0.0,0.55001205,0.0,0.0,0.0,0.0,0.0,0.0,0.0,0.0,0.56192577,0.011089918,0.2537042,0.0,1.419901,0.0,0.0,1.3027731,0.0,0.18140395,0.0,1.6853344,0.0,3.1077764,2.293893,1.9067718,0.0,0.81389064,0.7624751,0.6120334,0.7255707,0.0,0.0,0.71799564,0.0,0.0,0.0,0.0,1.322174,0.0,0.0,0.5185037,0.8336667,0.0,0.0,1.61577,1.0
2.1333032,0.0,0.0,0.07640367,0.1728156,0.0,2.7483425,0.0,3.3580112,0.0,0.0,2.565656,0.0,0.2606354,0.0,0.0,0.39993444,0.0,0.0,0.63080716,0.0,0.0,0.0,0.0,0.0,0.0,0.0,0.0,0.5928276,0.04251424,0.3204015,0.0,0.5249915,0.0,0.0,1.8341053,0.0,0.81051785,0.0,0.83885163,0.0,1.8211975,1.2081188,3.4275606,0.0,1.2001485,0.87923515,1.2139689,0.8251727,0.0,0.0,0.80826324,0.0,0.0,0.0,0.0,1.5270069,0.0,0.0,0.61654323,0.887502,0.0,0.0,1.7093914,0.0
0.8284893,0.0,0.0,1.3139012,1.8081216,0.0,0.7874184,0.0,1.4749706,0.0,1.3858873,1.0177344,0.0,2.015401,0.0,2.766212,0.6562021,0.0,0.0,0.98474014,0.0,0.0,0.0,0.0,0.0,0.0,0.0,0.0,1.1523539,0.112941615,0.56611854,0.0,1.8060977,0.0,0.0,0.061925046,0.0,0.0,0.0,2.8961608,0.0,4.956231,3.8302968,0.0,0.0,0.0,0.007567939,0.0,0.97740966,0.0,0.0,1.0749619,0.0,0.0,0.0,0.0,1.8458282,0.0,0.0,0.7195141,1.0779837,0.0,0.0,1.9814734,0.75
2.229913,0.0,0.0,0.12440381,0.22950855,0.0,2.743484,0.0,3.4675841,0.0,0.0,2.6386914,0.0,0.2819328,0.0,0.0,0.42562047,0.0,0.0,0.67007595,0.0,0.0,0.0,0.0,0.0,0.0,0.0,0.0,0.6082299,0.069464035,0.3783303,0.0,0.46694386,0.0,0.0,1.5654306,0.0,0.5031355,0.0,1.0903733,0.0,1.8333585,1.3145714,3.0906775,0.0,1.2802169,0.9150798,1.2084564,0.7894431,0.0,0.0,0.7913836,0.0,0.0,0.0,0.0,1.3933502,0.0,0.0,0.5802222,0.8204184,0.0,0.0,1.5352207,0.0
1.9320982,0.0,0.0,0.12466615,0.269949,0.0,2.3069708,0.0,2.822167,0.0,0.0,2.3681173,0.0,0.27729744,0.0,0.0,0.3827099,0.0,0.0,0.5394792,0.0,0.0,0.0,0.0,0.0,0.0,0.0,0.0,0.63617104,0.094285674,0.3135113,0.0,0.34549052,0.0,0.0,1.9898016,0.0,1.0818466,0.0,0.62870675,0.0,1.7672487,1.0756651,3.381581,0.0,1.1279093,0.6389179,0.85512084,0.7834757,0.0,0.0,0.7648193,0.0,0.0,0.0,0.0,1.4115655,0.0,0.0,0.49208188,0.87196445,0.0,0.0,1.6172982,0.0
0.9506906,0.0,0.0,1.1216552,1.486284,0.0,1.1868753,0.0,1.9490832,0.0,0.7234731,1.3271304,0.0,1.7208986,0.0,1.8004375,0.35864863,0.0,0.0,0.54150546,0.0,0.0,0.0,0.0,0.0,0.0,0.0,0.0,0.43431422,0.0,0.27712876,0.0,0.7491174,0.0,0.0,1.664796,0.0,0.45377514,0.0,1.1886595,0.0,2.7924576,1.7365665,2.780741,0.0,1.043883,0.8216176,1.265997,0.7932648,0.0,0.0,0.74891806,0.0,0.0,0.0,0.0,1.4885473,0.0,0.0,0.6403618,0.8903464,0.0,0.0,1.6403764,0.0
1.2776308,0.0,0.0,0.40309122,0.52171123,0.0,1.4689653,0.0,1.9140954,0.0,0.148046,1.5345441,0.0,0.5144665,0.0,0.422467,0.05120849,0.0,0.0,0.18216246,0.0,0.0,0.0,0.0,0.0,0.0,0.0,0.0,0.04348289,0.010795194,0.039319545,0.0,0.0,0.0,0.0,3.0704381,0.0,2.6247473,0.0,0.0,0.0,0.0,0.0,4.9332256,0.0,2.5633886,1.6678865,2.2048914,0.48336297,0.0,0.0,0.38392854,0.0,0.0,0.0,0.0,0.72469217,0.0,0.0,0.24561723,0.5594115,0.0,0.0,0.85835457,0.0
0.14394204,0.0,0.0,1.8040583,2.2280462,0.0,0.0,0.0,0.75154257,0.0,1.5728564,0.13254796,0.0,2.2898126,0.0,3.187652,0.36560717,0.0,0.0,0.47602776,0.0,0.0,0.0,0.0,0.0,0.0,0.0,0.0,0.5285676,0.0,0.20694041,0.0,1.0772318,0.0,0.0,1.7328364,0.0,0.7007629,0.0,1.2249702,0.0,2.1794546,1.5329671,2.772515,0.0,1.1900737,1.0399904,1.0518597,0.7390378,0.0,0.0,0.73101234,0.0,0.0,0.0,0.0,1.3620074,0.0,0.0,0.59183615,0.86353767,0.0,0.0,1.609759,1.0
0.5183365,0.0,0.0,1.4155911,1.8643725,0.0,0.6364951,0.0,1.1532537,0.0,1.0978061,0.7772906,0.0,2.0101218,0.0,2.1352825,0.2509824,0.0,0.0,0.34719983,0.0,0.0,0.0,0.0,0.0,0.0,0.0,0.0,0.33684483,0.03930394,0.17200436,0.0,0.22448368,0.0,0.0,2.4617445,0.0,1.4403152,0.0,0.57752055,0.0,1.800649,0.78706914,3.6040282,0.0,1.5196519,0.7774165,1.3496121,0.71464187,0.0,0.0,0.6907897,0.0,0.0,0.0,0.0,1.2884498,0.0,0.0,0.47910336,0.8624391,0.0,0.0,1.4726568,0.75
1.8888476,0.0,0.0,0.5319953,0.53751725,0.0,2.5294254,0.0,3.093264,0.0,0.0,2.1560328,0.0,0.72509646,0.0,0.0,0.15878797,0.0,0.0,0.36413184,0.0,0.0,0.0,0.0,0.0,0.0,0.0,0.0,0.20994547,0.0,0.11655712,0.0,0.2654357,0.0,0.0,2.5087626,0.0,1.432734,0.0,0.36469084,0.0,0.9829995,0.24480595,4.5252852,0.0,1.8519561,1.3581719,1.8574778,0.7793996,0.0,0.0,0.7956463,0.0,0.0,0.0,0.0,1.3995085,0.0,0.0,0.57116884,0.847731,0.0,0.0,1.5915443,0.25
2.0437388,0.0,0.0,0.2605333,0.37557214,0.0,2.2817755,0.0,2.9172952,0.0,0.0,2.2415953,0.0,0.62252337,0.0,0.5000406,0.45425513,0.0,0.0,0.7094672,0.0,0.0,0.0,0.0,0.0,0.0,0.0,0.0,0.57691836,0.0957851,0.4074311,0.0,0.76019853,0.0,0.0,1.167126,0.0,0.0,0.0,1.5935304,0.0,2.6702948,2.00876,1.7102809,0.0,1.0168587,0.77241725,1.0550804,0.7033122,0.0,0.0,0.698128,0.0,0.0,0.0,0.0,1.3375454,0.0,0.0,0.6408314,0.79506564,0.0,0.0,1.5105381,0.0
0.056787353,0.0,0.0,2.018269,2.7153382,0.0,0.0,0.0,0.38317725,0.0,2.0780077,0.0,0.0,2.8939912,0.0,4.0500703,0.5105828,0.0,0.0,0.73217493,0.0,0.0,0.0,0.0,0.0,0.0,0.0,0.0,0.75327736,0.09704347,0.4152506,0.0,1.566465,0.0,0.0,1.1999356,0.0,0.0,0.0,2.0608444,0.0,3.5027902,2.595344,1.6581079,0.0,0.72343546,0.6247856,0.5424139,0.71654147,0.0,0.0,0.7456132,0.0,0.0,0.0,0.0,1.3457153,0.0,0.0,0.5258514,0.8522012,0.0,0.0,1.6024003,0.25
2.2526689,0.0,0.0,0.41598716,0.31147963,0.0,2.8274958,0.0,3.463648,0.0,0.0,2.4890995,0.0,0.59082866,0.0,0.0,0.15790118,0.0,0.0,0.27190176,0.0,0.0,0.0,0.0,0.0,0.0,0.0,0.0,0.07819477,0.0,0.107552394,0.0,0.274377,0.0,0.0,3.0221179,0.0,1.8660316,0.0,0.187775,0.0,0.8469047,0.0,5.1176724,0.0,2.3947747,1.7486341,2.3132303,0.74666387,0.0,0.0,0.74913013,0.0,0.0,0.0,0.0,1.3792858,0.0,0.0,0.5857075,0.8072336,0.0,0.0,1.5580875,0.0
2.1303635,0.0,0.0,0.20376822,0.28399393,0.0,2.6221397,0.0,3.2099946,0.0,0.0,2.5022418,0.0,0.4651912,0.0,0.18614611,0.25228244,0.0,0.0,0.4462702,0.0,0.0,0.0,0.0,0.0,0.0,0.0,0.0,0.29643568,0.0,0.21170603,0.0,0.5639239,0.0,0.0,2.0326903,0.0,0.99495876,0.0,0.77553815,0.0,2.2010038,1.2146956,3.4199488,0.0,1.4783543,1.1085902,1.6775045,0.79309505,0.0,0.0,0.7344109,0.0,0.0,0.0,0.0,1.4700108,0.0,0.0,0.63610923,0.8843314,0.0,0.0,1.6371874,0.0
1.3739294,0.0,0.0,0.9013964,1.0663826,0.0,1.5952113,0.0,2.2967167,0.0,0.27041695,1.5469103,0.0,1.4015316,0.0,1.1643524,0.6155628,0.0,0.0,0.96598446,0.0,0.0,0.0,0.0,0.0,0.0,0.0,0.0,0.9458145,0.20443018,0.54410505,0.0,0.3475471,0.0,0.0,1.8052865,0.0,0.54290015,0.0,1.072267,0.0,1.8029156,1.1362084,3.2679434,0.0,1.4060936,1.0864373,1.4157163,0.88845646,0.0,0.0,0.9460959,0.0,0.0,0.0,0.0,1.6593854,0.0,0.0,0.6886462,0.98009825,0.0,0.0,1.8057896,0.0
1.490588,0.0,0.0,0.5525351,0.7894473,0.0,1.8828018,0.0,2.348446,0.0,0.20345095,1.6260167,0.0,0.9221254,0.0,0.88990074,0.30482283,0.0,0.0,0.5497381,0.0,0.0,0.0,0.0,0.0,0.0,0.0,0.0,0.59901065,0.0,0.2545833,0.0,0.0,0.0,0.0,2.2431731,0.0,1.0857877,0.0,0.28605664,0.0,0.5372895,0.048777666,3.8188627,0.0,1.8988215,1.5309697,1.8237739,0.8979414,0.0,0.0,0.97888404,0.0,0.0,0.0,0.0,1.6504385,0.0,0.0,0.7140871,0.97675323,0.0,0.0,1.6957277,0.0
1.9765269,0.0,0.0,0.54221565,0.5138735,0.0,2.4552917,0.0,3.0051646,0.0,0.0,2.153312,0.0,0.7633625,0.0,0.26752535,0.039686583,0.0,0.0,0.1769733,0.0,0.0,0.0,0.0,0.0,0.0,0.0,0.0,0.0,0.0,0.028870236,0.0,0.37779337,0.0,0.0,2.6025832,0.0,1.568455,0.0,0.3588907,0.0,1.4716483,0.391807,4.33452,0.0,2.0158434,1.5206153,2.230256,0.7488218,0.0,0.0,0.72546077,0.0,0.0,0.0,0.0,1.3548458,0.0,0.0,0.59896,0.8580054,0.0,0.0,1.5377146,0.0
0.75469816,0.0,0.0,1.3075498,1.74196,0.0,0.63352054,0.0,1.2132772,0.0,1.025287,0.85063124,0.0,1.7923934,0.0,2.4902134,0.5481591,0.0,0.0,0.76197505,0.0,0.0,0.0,0.0,0.0,0.0,0.0,0.0,0.87198824,0.17403463,0.43087924,0.0,0.0,0.0,0.0,2.7377129,0.0,1.7146245,0.0,0.17439906,0.0,1.3326148,0.4132593,4.039713,0.0,1.9857543,1.2782516,1.6548634,0.71780306,0.0,0.0,0.71677446,0.0,0.0,0.0,0.0,1.3164742,0.0,0.0,0.51139754,0.865143,0.0,0.0,1.5287338,0.75
0.83004856,0.0,0.0,1.2807065,1.525404,0.0,1.1287569,0.0,1.8746825,0.0,1.2582505,1.0750014,0.0,1.6985493,0.0,2.25672,0.7365572,0.0,0.0,1.0296379,0.0,0.0,0.0,0.0,0.0,0.0,0.0,0.0,1.1726135,0.07418775,0.59194404,0.0,1.0727003,0.0,0.0,0.7868024,0.0,0.0,0.0,2.3645134,0.0,3.648055,2.6241682,1.2982213,0.0,0.33089498,0.5552586,0.61931676,0.98567164,0.0,0.0,1.0869867,0.0,0.0,0.0,0.0,1.9102007,0.0,0.0,0.7958809,1.0894471,0.0,0.0,1.9628733,0.5
1.5707517,0.0,0.0,0.68413335,0.8028833,0.0,1.8121194,0.0,2.6273923,0.0,0.081171,1.8070391,0.0,1.0709999,0.0,0.7018733,0.6247244,0.0,0.0,0.9436033,0.0,0.0,0.0,0.0,0.0,0.0,0.0,0.0,0.9528037,0.2169232,0.50877124,0.0,0.20084743,0.0,0.0,1.6178747,0.0,0.5374437,0.0,1.034285,0.0,1.5436119,1.0023167,3.0801635,0.0,1.5069196,1.0890918,1.4566668,0.8461704,0.0,0.0,0.86619127,0.0,0.0,0.0,0.0,1.5493093,0.0,0.0,0.63150275,0.88611674,0.0,0.0,1.6427296,0.0
1.9148744,0.0,0.0,0.1876561,0.2616752,0.0,2.5647557,0.0,3.2682998,0.0,0.0,2.3133159,0.0,0.31386906,0.0,0.0,0.2765453,0.0,0.0,0.53036344,0.0,0.0,0.0,0.0,0.0,0.0,0.0,0.0,0.41065452,0.06107946,0.21513054,0.0,0.035807535,0.0,0.0,2.1451137,0.0,1.2662773,0.0,0.42488247,0.0,0.711945,0.21459983,4.1476073,0.0,1.923767,1.280343,1.7084285,0.7444435,0.0,0.0,0.73154205,0.0,0.0,0.0,0.0,1.3121941,0.0,0.0,0.55272084,0.786345,0.0,0.0,1.4394215,0.0
0.806442,0.0,0.0,1.0432186,1.5568867,0.0,0.7704455,0.0,1.4754666,0.0,0.85078794,0.9166834,0.0,1.523733,0.0,2.3044536,0.38084486,0.0,0.0,0.56004435,0.0,0.0,0.0,0.0,0.0,0.0,0.0,0.0,0.46063974,0.0,0.24686797,0.0,0.8221043,0.0,0.0,2.0413625,0.0,0.8255742,0.0,0.97798985,0.0,1.9934072,1.2670579,3.245637,0.0,1.4424832,1.1916431,1.3134755,0.77153826,0.0,0.0,0.74209976,0.0,0.0,0.0,0.0,1.4663019,0.0,0.0,0.6367811,0.84512895,0.0,0.0,1.6666371,0.25
